dateCrawled,name,seller,offerType,price,abtest,vehicleType,yearOfRegistration,gearbox,powerPS,model,kilometer,monthOfRegistration,fuelType,brand,postalCode,lastSeen
2016-03-24 11:52:17,Golf_3_1.6,privat,Angebot,480,test,coupe,1993,manuell,0,golf,150000,0,benzin,volkswagen,70435,2016-04-07 03:16:57
2016-03-24 10:58:45,A5_Sportback_2.7_Tdi,privat,Angebot,18300,test,coupe,2011,manuell,190,golf,125000,5,diesel,audi,66954,2016-04-07 01:46:50
2016-03-14 12:52:21,"Jeep_Grand_Cherokee_""Overland""",privat,Angebot,9800,test,suv,2004,automatik,163,grand,125000,8,diesel,jeep,90480,2016-04-05 12:47:46
2016-03-17 16:54:04,GOLF_4_1_4__3TÜRER,privat,Angebot,1500,test,kleinwagen,2001,manuell,75,golf,150000,6,benzin,volkswagen,91074,2016-03-17 17:40:17
2016-03-31 17:25:20,Skoda_Fabia_1.4_TDI_PD_Classic,privat,Angebot,3600,test,kleinwagen,2008,manuell,69,fabia,90000,7,diesel,skoda,60437,2016-04-06 10:17:21
2016-04-04 17:36:23,BMW_316i___e36_Limousine___Bastlerfahrzeug__Export,privat,Angebot,650,test,limousine,1995,manuell,102,3er,150000,10,benzin,bmw,33775,2016-04-06 19:17:07
2016-04-01 20:48:51,Peugeot_206_CC_110_Platinum,privat,Angebot,2200,test,cabrio,2004,manuell,109,2_reihe,150000,8,benzin,peugeot,67112,2016-04-05 18:18:39
2016-03-21 18:54:38,VW_Derby_Bj_80__Scheunenfund,privat,Angebot,1200,test,limousine,1980,manuell,50,andere,40000,7,benzin,volkswagen,19348,2016-03-25 16:47:58
2016-04-04 23:42:13,Ford_C___Max_Titanium_1_0_L_EcoBoost,privat,Angebot,14500,control,bus,2014,manuell,125,c_max,30000,8,benzin,ford,94505,2016-04-04 23:42:13
2016-03-17 10:53:50,VW_Golf_4_5_tuerig_zu_verkaufen_mit_Anhaengerkupplung,privat,Angebot,999,test,kleinwagen,1998,manuell,101,golf,150000,0,,volkswagen,27472,2016-03-31 17:17:06
2016-03-26 19:54:18,Mazda_3_1.6_Sport,privat,Angebot,2000,control,limousine,2004,manuell,105,3_reihe,150000,12,benzin,mazda,96224,2016-04-06 10:45:34
2016-04-07 10:06:22,Volkswagen_Passat_Variant_2.0_TDI_Comfortline,privat,Angebot,2799,control,kombi,2005,manuell,140,passat,150000,12,diesel,volkswagen,57290,2016-04-07 10:25:17
2016-03-15 22:49:09,"VW_Passat_Facelift_35i__""7Sitzer""",privat,Angebot,999,control,kombi,1995,manuell,115,passat,150000,11,benzin,volkswagen,37269,2016-04-01 13:16:16
2016-03-21 21:37:40,VW_PASSAT_1.9_TDI_131_PS_LEDER,privat,Angebot,2500,control,kombi,2004,manuell,131,passat,150000,2,,volkswagen,90762,2016-03-23 02:50:54
2016-03-21 12:57:01,Nissan_Navara_2.5DPF_SE4x4_Klima_Sitzheizg_Bluetooth.Doppelkabine,privat,Angebot,17999,control,suv,2011,manuell,190,navara,70000,3,diesel,nissan,4177,2016-04-06 07:45:42
2016-03-11 21:39:15,KA_Lufthansa_Edition_450€_VB,privat,Angebot,450,test,kleinwagen,1910,manuell,150,ka,5000,0,benzin,ford,24148,2016-03-19 08:46:47
2016-04-01 12:46:46,Polo_6n_1_4,privat,Angebot,300,test,kleinwagen,2016,manuell,60,polo,150000,0,benzin,volkswagen,38871,2016-04-01 12:46:46
2016-03-20 10:25:19,Renault_Twingo_1.2_16V_Aut.,privat,Angebot,1750,control,kleinwagen,2004,automatik,75,twingo,150000,2,benzin,renault,65599,2016-04-06 13:16:07
2016-03-23 15:48:05,Ford_C_MAX_2.0_TDCi_DPF_Titanium,privat,Angebot,7550,test,bus,2007,manuell,136,c_max,150000,6,diesel,ford,88361,2016-04-05 18:45:11
2016-04-01 22:55:47,Mercedes_Benz_A_160_Classic_Klima,privat,Angebot,1850,test,bus,2004,manuell,102,a_klasse,150000,1,benzin,mercedes_benz,49565,2016-04-05 22:46:05
2016-04-01 19:56:48,Volkswagen_Scirocco_1.4_TSI_Sport,privat,Angebot,10400,control,coupe,2009,manuell,160,scirocco,100000,4,benzin,volkswagen,75365,2016-04-05 16:45:49
2016-03-27 11:38:00,BMW_530i_TÜV_7/17_Scheckheftgepflegt_sehr_guter_Zustand,privat,Angebot,3699,test,limousine,2002,automatik,231,5er,150000,7,benzin,bmw,68309,2016-04-07 06:44:26
2016-03-23 14:52:51,Opel_Meriva_1.Hand_TÜV_3.2018,privat,Angebot,2900,test,limousine,2018,manuell,90,meriva,150000,5,benzin,opel,49716,2016-03-31 01:16:33
2016-03-12 19:43:07,Stadtflitzer,privat,Angebot,450,test,kleinwagen,1997,manuell,50,arosa,150000,5,benzin,seat,9526,2016-03-21 01:46:11
2016-03-13 20:40:49,MERCEDES_200E__TÜV_04/2016,privat,Angebot,500,test,limousine,1990,manuell,118,andere,150000,10,benzin,mercedes_benz,35390,2016-03-13 20:40:49
2016-03-18 21:44:09,BMW_530d_touring_Vollausstattung_NAVI,privat,Angebot,2500,control,kombi,2002,automatik,193,5er,150000,9,diesel,bmw,73765,2016-03-18 21:44:09
2016-03-10 19:38:18,Citroen_C4_Grand_Picasso.,privat,Angebot,5555,control,kombi,2017,manuell,125,c4,125000,4,,citroen,31139,2016-03-16 09:16:46
2016-03-07 12:51:23,Honda_Civic_1.4_i_VTEC_Comfort,privat,Angebot,6900,test,limousine,2008,manuell,99,civic,60000,11,benzin,honda,12621,2016-03-26 09:44:53
2016-03-09 11:56:38,Volkswagen_T3_andere,privat,Angebot,1990,test,bus,1981,manuell,50,transporter,5000,1,benzin,volkswagen,87471,2016-03-10 07:44:33
2016-03-08 19:55:19,Fiat_Punto_1.2,privat,Angebot,690,test,kleinwagen,2003,manuell,60,punto,150000,3,benzin,fiat,86199,2016-03-09 11:45:28
2016-04-03 15:48:11,Mercedes_Benz_E_250_D_Original_Zustand_!!,privat,Angebot,3300,test,limousine,1995,automatik,113,e_klasse,150000,1,diesel,mercedes_benz,53879,2016-04-05 15:16:05
2016-03-29 16:57:02,Renault_clio_1.2_TÜV_07/2016,privat,Angebot,899,control,limousine,2016,manuell,60,clio,150000,6,benzin,renault,37075,2016-03-29 17:43:07
2016-03-15 20:59:01,Golf_3_....._1.4,privat,Angebot,245,test,limousine,1994,automatik,0,golf,150000,2,benzin,volkswagen,44145,2016-03-17 18:17:43
2016-03-25 21:48:47,BMW_325i_Aut.,privat,Angebot,18000,test,limousine,2007,automatik,218,3er,20000,5,benzin,bmw,39179,2016-04-07 04:45:21
2016-03-17 18:55:12,Mercedes_Benz_E_200_CDI_Automatik_Classic,privat,Angebot,3500,control,limousine,2004,automatik,122,e_klasse,150000,11,diesel,mercedes_benz,67071,2016-03-30 15:46:10
2016-03-08 07:54:46,VW_Golf_3,privat,Angebot,350,test,andere,2016,manuell,75,golf,150000,4,benzin,volkswagen,19386,2016-03-08 09:44:50
2016-03-11 11:50:37,Opel_Kadett_E_CC,privat,Angebot,1600,control,andere,1991,manuell,75,kadett,70000,0,,opel,2943,2016-04-07 03:46:09
2016-03-28 17:50:15,Renault_Kangoo_1.9_Diesel,privat,Angebot,1500,test,andere,2016,automatik,0,kangoo,150000,1,diesel,renault,46483,2016-03-30 09:18:02
2016-04-01 17:45:07,Abschleppwagen_Vw_LT_195.000_gruene_Plakette_TÜV_8/2017,privat,Angebot,11900,test,andere,2002,manuell,129,andere,150000,11,diesel,volkswagen,10551,2016-04-05 12:47:30
2016-03-25 15:50:30,Mercedes_Camper_D407,privat,Angebot,1500,test,bus,1984,manuell,70,andere,150000,8,diesel,mercedes_benz,22767,2016-03-27 03:17:02
2016-03-26 22:06:17,Suche_Opel_corsa_a_zu_verschenken,privat,Angebot,1356,test,bus,1990,automatik,0,corsa,150000,1,benzin,opel,56412,2016-03-27 17:43:34
2016-03-30 20:38:20,E_500_Avantgarde_AMG_Ausstattung,privat,Angebot,7500,control,limousine,2002,automatik,306,e_klasse,150000,4,,mercedes_benz,33649,2016-04-03 11:44:49
2016-03-24 00:52:09,BMW_E60_530XD,privat,Angebot,12500,test,limousine,2006,automatik,231,5er,150000,11,diesel,bmw,46119,2016-04-04 16:18:19
2016-03-13 15:47:08,Mini_One_Pepper_Scheckheftgepflegt,privat,Angebot,6990,test,limousine,2007,manuell,95,one,100000,8,benzin,mini,59174,2016-03-21 17:17:50
2016-03-17 12:44:43,Smart_For_two_Klima_regensensor_uSw,privat,Angebot,3900,test,kleinwagen,2008,automatik,61,fortwo,80000,6,benzin,smart,21073,2016-03-19 11:46:17
2016-03-29 18:57:46,Renault_Clio_1.4,privat,Angebot,590,control,kleinwagen,1999,manuell,75,clio,125000,8,benzin,renault,84180,2016-03-29 18:57:46
2016-03-15 18:59:02,BMW_120d_DPF,privat,Angebot,7999,control,limousine,2007,manuell,177,1er,150000,8,diesel,bmw,53604,2016-03-16 16:47:48
2016-04-04 00:38:22,BMW_528i_touring,privat,Angebot,2100,test,kombi,1998,automatik,193,5er,150000,2,benzin,bmw,86157,2016-04-06 08:16:21
2016-03-25 14:40:12,VW_Golf_6___Klima___Alu___Scheckheft_!!!,privat,Angebot,7750,control,kombi,2017,manuell,80,golf,100000,1,benzin,volkswagen,48499,2016-03-31 21:47:44
2016-04-04 14:06:22,Mercedes_Benz_B180_Automatik,privat,Angebot,13500,test,bus,2012,automatik,109,b_klasse,150000,7,diesel,mercedes_benz,35576,2016-04-05 12:09:29
2016-03-30 08:50:37,BMW_120i_Cabrio_mit_M_Paket,privat,Angebot,14800,control,cabrio,2008,manuell,170,1er,125000,4,benzin,bmw,48691,2016-04-07 00:17:23
2016-03-07 18:57:08,Fiat_punto_5_tuerer__6_gang,privat,Angebot,2000,control,cabrio,2017,manuell,90,punto,150000,11,diesel,fiat,66115,2016-03-07 18:57:08
2016-04-04 10:57:36,Verkaufe_meinen_kleinen_wegen_neu_Anschaffung,privat,Angebot,1400,control,cabrio,2016,manuell,55,andere,5000,1,,hyundai,34454,2016-04-06 12:45:43
2016-03-29 18:53:48,Bmw_318_d_Sport_Edition_Facelift,privat,Angebot,7999,control,limousine,2008,automatik,143,3er,150000,12,diesel,bmw,71083,2016-04-06 04:45:54
2016-03-17 07:56:40,Opel_signum_1.9_cdti,privat,Angebot,4700,control,kombi,2005,manuell,0,signum,150000,0,,opel,88433,2016-04-04 04:17:32
2016-03-26 10:39:35,auto_opel_astra,privat,Angebot,550,test,kombi,1999,manuell,0,astra,150000,8,diesel,opel,56759,2016-04-01 23:17:27
2016-03-21 01:59:07,BMW_435i_Sport_coupe,privat,Angebot,39600,test,coupe,2014,automatik,306,andere,30000,7,benzin,bmw,10435,2016-04-03 23:16:31
2016-03-22 17:56:12,Smart_Cabrio_TÜV_bis_07/17,privat,Angebot,3000,control,cabrio,2006,automatik,61,fortwo,80000,1,benzin,smart,12055,2016-03-22 17:56:12
2016-03-10 20:53:19,Seat_inca_1.9SDI___LKW_Zulassung___TÜV_NEU,privat,Angebot,2399,test,cabrio,2018,manuell,64,andere,125000,3,,seat,33397,2016-03-25 10:17:37
2016-03-31 08:57:44,Volkswagen_Golf_1.6_Comfortline,privat,Angebot,1000,control,limousine,1998,manuell,101,golf,150000,10,benzin,volkswagen,39624,2016-04-06 03:15:47
2016-03-29 15:48:15,TAUSCHE_BMW_E38_740i_g._SUV_/_GELÄNDEWAGEN_LESEN_LESEN,privat,Angebot,1231,control,suv,1994,manuell,286,,150000,11,,sonstige_autos,53721,2016-04-06 01:44:38
2016-03-26 07:54:29,Bmw_316i_compact.____200€,privat,Angebot,200,test,coupe,1995,manuell,102,3er,150000,4,benzin,bmw,23560,2016-04-01 20:46:51
2016-03-25 19:44:06,Audi_A8_3.0_TDI_quattro,privat,Angebot,7499,test,limousine,2004,automatik,232,a8,150000,3,diesel,audi,71711,2016-04-07 01:44:24
2016-03-30 12:49:54,Skoda_Fabia_1.2,privat,Angebot,5500,control,kleinwagen,2010,manuell,60,fabia,70000,4,benzin,skoda,57076,2016-04-07 03:44:51
2016-03-08 12:54:47,Volkswagen_Jetta_1.9_TDI_DSG_DPF_Sportline,privat,Angebot,7000,test,limousine,2006,automatik,105,jetta,100000,10,diesel,volkswagen,6242,2016-03-11 17:16:18
2016-03-07 22:36:54,BMW_325_i_Cabrio_wenig_Kilometer,privat,Angebot,14999,test,cabrio,2007,manuell,218,3er,50000,8,benzin,bmw,1129,2016-03-15 10:17:59
2016-03-28 17:41:27,Opel_Astra_1.4_mit_vielen_Extras!!!!,privat,Angebot,10900,test,cabrio,2017,manuell,101,astra,50000,3,,opel,63607,2016-04-06 23:15:52
2016-03-15 14:50:24,Volkswagen_Scirocco_1.4_TSI___Top_Zustand_!!!!,privat,Angebot,9700,test,coupe,2008,manuell,160,scirocco,150000,8,benzin,volkswagen,55218,2016-04-06 04:17:09
2016-03-21 12:47:55,Honda_HRV_reserviert!!!,privat,Angebot,2100,control,suv,2000,manuell,105,andere,150000,8,benzin,honda,85244,2016-03-31 16:46:09
2016-03-15 09:51:05,Mercedes_Benz_190,privat,Angebot,1280,control,limousine,1992,automatik,109,andere,150000,9,benzin,mercedes_benz,86163,2016-04-05 19:18:21
2016-04-01 11:56:40,Opel_astra_g_coupe_1.8_liter_benziner,privat,Angebot,1200,test,coupe,2001,automatik,0,astra,150000,0,,opel,47249,2016-04-07 08:46:07
2016-03-08 01:36:42,Volkswagen_Polo,privat,Angebot,800,control,kleinwagen,1993,manuell,0,polo,150000,3,benzin,volkswagen,8258,2016-04-05 23:46:00
2016-03-07 08:55:18,BMW_520i_E39,privat,Angebot,2300,control,kleinwagen,1997,manuell,150,5er,150000,3,,bmw,79341,2016-03-22 05:15:22
2016-03-05 16:45:05,Ford_Fiesta,privat,Angebot,750,control,kleinwagen,2002,manuell,50,fiesta,150000,4,benzin,ford,70327,2016-03-11 06:16:00
2016-03-22 17:45:41,Mercedes_Benz_C_180_T_Kompressor_Avantgarde,privat,Angebot,7999,control,kombi,2008,manuell,156,c_klasse,150000,10,benzin,mercedes_benz,83355,2016-03-25 09:47:43
2016-03-31 18:46:36,VW_Golf_V_Plus_TDI_1_8,privat,Angebot,6600,control,limousine,2006,manuell,105,golf,150000,10,diesel,volkswagen,41812,2016-03-31 18:46:36
2016-03-17 09:48:12,Nissan_Micra_1.2_CVT,privat,Angebot,7999,test,kleinwagen,2013,manuell,80,micra,40000,4,benzin,nissan,46145,2016-04-06 07:44:23
2016-03-11 14:50:52,MB_Vito_Transporter_108_CDI,privat,Angebot,1400,control,andere,2003,manuell,82,vito,150000,8,diesel,mercedes_benz,4668,2016-03-11 14:50:52
2016-03-31 22:48:06,Golf_4_TDi_1_9.__3_tuerig,privat,Angebot,800,test,andere,2000,manuell,90,golf,150000,2,diesel,volkswagen,32584,2016-04-06 19:15:22
2016-03-10 10:50:26,Mercedes_Benz_311_CDI_Sprinter_DOKA_6_SITZ._TÜV/AU_NEU,privat,Angebot,5000,test,bus,2006,manuell,109,sprinter,150000,4,diesel,mercedes_benz,26382,2016-03-12 14:45:39
2016-03-11 23:42:53,Mercedes_Benz_E_250_CDI_Mod.2011_Automatik_NAVI_XENON_Glasdach,privat,Angebot,20300,test,limousine,2010,automatik,204,e_klasse,80000,12,diesel,mercedes_benz,51491,2016-04-03 01:26:23
2016-03-17 18:52:56,Opel_Astra_F_Cabrio,privat,Angebot,150,control,limousine,2016,manuell,75,astra,150000,3,benzin,opel,78315,2016-04-05 03:45:22
2016-04-01 22:39:35,muss_dringend_weg_!!!_2_mal_Alfa_romeo_156_Zu_Verkaufen,privat,Angebot,250,test,kombi,2000,manuell,155,156,150000,4,benzin,alfa_romeo,8396,2016-04-05 20:18:14
2016-04-03 12:56:45,Bastler_Fahrzeug_mit_Rest_Tuev,privat,Angebot,350,control,kleinwagen,1997,manuell,54,,150000,3,,fiat,45665,2016-04-05 11:47:13
2016-03-09 21:46:09,Ford_Escort_CLX,privat,Angebot,600,test,limousine,1994,manuell,75,escort,100000,6,benzin,ford,37359,2016-04-05 23:44:25
2016-03-23 18:59:37,Mercedes_Benz_C_220_T_CDI_Avantgarde,privat,Angebot,3300,test,kombi,2005,manuell,150,c_klasse,150000,9,diesel,mercedes_benz,29221,2016-03-23 18:59:37
2016-03-12 19:46:54,SUBARU_FORESTER,privat,Angebot,1600,test,kombi,1997,automatik,122,forester,150000,10,benzin,subaru,87497,2016-03-15 06:46:18
2016-03-29 14:58:15,Volvo_XC90_AWD_D5_Kinetic_Leder_Standheizung_AHK_Gruene_Umweltpl,privat,Angebot,8000,test,suv,2005,manuell,185,xc_reihe,150000,8,diesel,volvo,96472,2016-04-03 23:18:17
2016-03-13 19:52:34,Mitsubishi_L_400,privat,Angebot,1800,control,bus,2001,manuell,87,andere,150000,7,diesel,mitsubishi,24116,2016-03-17 13:47:41
2016-03-08 13:49:57,Fiesta_Titanium_1.25,privat,Angebot,6800,control,kleinwagen,2009,manuell,82,fiesta,60000,12,benzin,ford,51065,2016-04-05 19:18:01
2016-03-07 17:38:57,Renault_Scenic,privat,Angebot,2990,test,bus,2004,manuell,113,scenic,150000,12,benzin,renault,41836,2016-03-09 06:15:31
2016-03-28 09:37:01,MERCEDES_BENZ_W124_250D_83KW_/_113PS___SCHLACHTFEST_!!!_Preis:_1€,privat,Angebot,2331,control,limousine,1995,manuell,113,e_klasse,150000,4,diesel,mercedes_benz,40589,2016-04-06 12:15:54
2016-03-23 11:53:21,A4_Diesel_Leder_Top___NAVI,privat,Angebot,2400,test,limousine,2003,manuell,0,a4,150000,9,diesel,audi,40210,2016-03-23 11:53:21
2016-04-02 23:25:25,Senator_A2__3_0E__180PS__CD_Ausstattung.,privat,Angebot,1222,control,limousine,1984,automatik,180,andere,150000,3,benzin,opel,57290,2016-04-06 14:44:57
2016-03-16 07:56:19,FORD_KA___TÜV_ABGELAUFEN,privat,Angebot,250,control,,2000,automatik,60,ka,150000,0,,ford,51427,2016-03-21 09:47:08
2016-03-10 11:44:54,Audi_A1_1.2_TFSI_S_Line,privat,Angebot,14500,test,kleinwagen,2013,manuell,86,a1,60000,4,benzin,audi,31582,2016-04-07 01:15:35
2016-03-28 16:37:43,unfall_Opel_insignia_voll_Ausstattung__TÜV_neu__ideal_fuer_Bastler,privat,Angebot,8390,test,,2009,manuell,0,insignia,150000,5,,opel,29221,2016-03-30 07:44:59
2016-03-25 18:44:10,Volkswagen_Passat_1.9_TDI,privat,Angebot,3850,test,limousine,2003,manuell,131,passat,150000,5,diesel,volkswagen,30459,2016-04-07 00:16:18
2016-03-31 10:53:10,BMW_318d_Aut.__Xenon__Navi__Sportsitze_FESTREIS!,privat,Angebot,23490,control,limousine,2013,automatik,143,3er,40000,6,diesel,bmw,49356,2016-04-06 03:44:40
2016-03-26 15:38:12,VW_t5_kastenwagen,privat,Angebot,6450,test,bus,2008,manuell,84,transporter,150000,12,,volkswagen,44623,2016-04-06 03:17:37
2016-04-01 12:45:41,Mercedes_A_Klasse____Top_Zustand___TÜV/AU___neu_!_Halbautomatik,privat,Angebot,1700,test,kleinwagen,1999,automatik,102,a_klasse,125000,11,benzin,mercedes_benz,12305,2016-04-01 12:45:41
2016-03-11 19:00:25,OPEL_COMBO_2008__TÜV_Neu_bis_02.2018__DIESEL___LKW_ZULLASUNG,privat,Angebot,4290,test,bus,2008,manuell,0,combo,150000,2,diesel,opel,23568,2016-04-05 22:45:32
2016-03-28 00:56:46,Ford_Focus_Turnier_1.6_TDCi_DPF,privat,Angebot,1500,control,kombi,2006,manuell,109,focus,150000,10,diesel,ford,74223,2016-04-02 11:47:00
2016-03-15 17:41:31,Audi_A4_B5_1_6_Liter,privat,Angebot,499,control,limousine,1995,manuell,101,a4,150000,5,benzin,audi,85414,2016-03-22 20:48:22
2016-03-16 16:44:10,Hyundai_Genesis_Coupe_GT_3.8_V6_Automatik,privat,Angebot,22999,control,coupe,2012,automatik,303,andere,50000,4,benzin,hyundai,88167,2016-04-06 20:18:22
2016-04-01 09:54:39,Audi_a4_2.5_TDI_Tausch_moeglich,privat,Angebot,6500,test,limousine,2004,manuell,163,a4,150000,4,diesel,audi,97450,2016-04-01 09:54:39
2016-03-26 07:36:20,verkaufe_Mercedes_Benz_220_CDI_Sport_8_fach_Bereift,privat,Angebot,900,test,kombi,1999,manuell,125,c_klasse,150000,7,diesel,mercedes_benz,37130,2016-03-29 11:44:47
2016-03-21 10:47:53,BMW_316_automatikgetriebe_Klimaanlage,privat,Angebot,650,test,limousine,1997,automatik,102,3er,150000,8,benzin,bmw,13357,2016-03-22 14:49:21
2016-03-20 12:59:39,Ford_Escort_Cabrio,privat,Angebot,300,test,cabrio,1992,manuell,105,escort,150000,0,,ford,88515,2016-04-06 13:15:58
2016-04-02 12:54:14,Audi_TT_Coupe_1.8_T_quattro,privat,Angebot,3399,test,coupe,1999,manuell,224,tt,150000,9,benzin,audi,61276,2016-04-05 19:44:33
2016-03-23 10:59:51,Volkswagen_Passat_Variant_1.6_Kombi_mit_TÜV_und_AHK,privat,Angebot,1300,control,kombi,1997,manuell,101,passat,150000,10,benzin,volkswagen,4277,2016-03-29 04:46:48
2016-03-16 23:25:21,Honda_Civic_EG4,privat,Angebot,900,test,kombi,1995,manuell,90,civic,150000,3,benzin,honda,35789,2016-03-19 17:19:00
2016-03-22 17:44:26,530d_XDRIVE_235_PS,privat,Angebot,7300,control,limousine,2009,automatik,235,5er,100000,3,diesel,bmw,83022,2016-03-22 17:44:26
2016-03-26 15:47:58,Opel_Astra_Twin_Top_2.0_Turbo,privat,Angebot,8599,test,cabrio,2006,manuell,200,astra,125000,9,benzin,opel,79761,2016-04-06 04:15:35
2016-04-03 03:57:26,Opel_Corsa_TÜV_bis_Ende_2016,privat,Angebot,350,test,kleinwagen,1998,manuell,0,corsa,150000,2,benzin,opel,82110,2016-04-03 08:53:37
2016-03-19 18:40:12,Golf_IV_1.4_16V,privat,Angebot,3240,test,kleinwagen,2017,manuell,0,golf,5000,12,benzin,volkswagen,21698,2016-04-01 08:47:05
2016-03-14 20:37:41,Audi_A6_2_5_TDi_Quattro_Avant_Automatic__Turbo__Kombi__132_KW__2_,privat,Angebot,5900,control,kombi,2005,automatik,178,a6,150000,1,diesel,audi,88131,2016-04-06 07:17:00
2016-03-20 18:38:02,Volkswagen_Golf_1.8_5V_Turbo,privat,Angebot,6300,test,limousine,2002,manuell,265,golf,150000,3,benzin,volkswagen,56759,2016-04-07 01:45:06
2016-04-04 09:50:15,Volkswagen_Corrado_1.8_G60,privat,Angebot,3500,control,coupe,1991,manuell,160,andere,150000,5,benzin,volkswagen,66111,2016-04-06 11:17:02
2016-03-20 18:53:27,Polo_6n_Karosse_zu_verschenken,privat,Angebot,2340,test,kleinwagen,1999,manuell,0,,5000,0,benzin,volkswagen,37520,2016-04-07 02:45:22
2016-03-09 17:47:24,BMW_320d_DPF,privat,Angebot,5950,test,limousine,2006,manuell,163,3er,150000,1,diesel,bmw,63526,2016-03-10 14:15:41
2016-04-03 12:45:29,Honda_Jazz_1.2_S,privat,Angebot,1699,control,kleinwagen,2003,manuell,77,jazz,150000,8,benzin,honda,42105,2016-04-07 14:57:35
2016-03-20 13:54:32,Volkswagen_vw_t4_Einzelstueck,privat,Angebot,4699,test,bus,1996,manuell,110,transporter,150000,8,benzin,volkswagen,79713,2016-03-25 13:45:30
2016-03-23 12:54:52,Motorschaden_steuerrichmen_gerissen,privat,Angebot,400,control,limousine,2000,manuell,144,omega,150000,10,,opel,45968,2016-04-05 12:45:13
2016-03-12 22:57:58,Volkswagen_Polo_1.4_FSI_Team,privat,Angebot,9290,control,kleinwagen,2010,manuell,86,polo,40000,5,benzin,volkswagen,35630,2016-03-26 06:17:39
2016-03-18 11:25:43,Mercedes_Benz_Kabrio__Limousine___mit_Gas_Umbau....,privat,Angebot,7000,control,limousine,2003,manuell,120,slk,150000,5,benzin,mercedes_benz,57578,2016-03-23 08:44:31
2016-04-01 17:56:34,Servo_Klima_Zv__usw,privat,Angebot,1199,test,kleinwagen,2000,manuell,60,twingo,150000,5,benzin,renault,28832,2016-04-05 13:44:57
2016-03-27 12:36:18,Ford_Focus_1_6l*Klima*TÜV*,privat,Angebot,1750,test,limousine,2002,manuell,75,focus,125000,1,benzin,ford,33330,2016-03-27 12:36:18
2016-03-18 23:41:18,Volkswagen_Golf_CL,privat,Angebot,1000,test,limousine,1990,manuell,54,golf,150000,2,benzin,volkswagen,47447,2016-04-05 23:16:13
2016-03-11 20:55:37,BMW_740i,privat,Angebot,1800,control,limousine,1995,automatik,286,7er,150000,12,benzin,bmw,77866,2016-03-20 10:17:59
2016-03-20 10:54:17,VW_Golf_6_1.4_Comfortline,privat,Angebot,8000,control,limousine,2009,manuell,0,golf,100000,10,benzin,volkswagen,94139,2016-04-06 07:45:51
2016-03-16 18:37:43,Opel_Combo_1.7_DTI___Kasten___Lkw_Zulassung___Euro3,privat,Angebot,1100,control,bus,2003,manuell,75,combo,150000,3,diesel,opel,96224,2016-03-24 11:46:38
2016-03-09 20:37:42,Mercedes_Benz_E_270_T_CDI,privat,Angebot,2990,test,kombi,2001,automatik,170,e_klasse,150000,1,diesel,mercedes_benz,53520,2016-03-17 02:45:51
2016-03-26 19:37:55,Opel_Corsa_1.0_TÜV_bis_01/17,privat,Angebot,300,control,kleinwagen,2000,manuell,54,corsa,150000,0,benzin,opel,59379,2016-04-06 09:15:51
2016-03-20 18:47:31,BMW_E36_328i_Coupe_Schalter,privat,Angebot,3390,test,kleinwagen,2000,manuell,0,3er,150000,2,,bmw,45739,2016-03-28 19:48:42
2016-03-31 20:57:02,Volkswagen_Passat,privat,Angebot,2750,test,kombi,2001,manuell,131,passat,150000,12,diesel,volkswagen,90471,2016-04-06 16:45:33
2016-03-28 20:45:46,Fabia_II_Combi_Greenline_1_2_TDI_DPF_mit_Gebrauchtwagengarantie,privat,Angebot,6990,control,kombi,2012,manuell,75,fabia,100000,5,diesel,skoda,44894,2016-04-03 13:58:00
2016-04-01 22:55:34,Audi_Cabriolet_Typ_89_2.0L,privat,Angebot,4800,test,cabrio,1996,manuell,116,80,150000,6,benzin,audi,38300,2016-04-05 23:46:14
2016-03-21 16:45:30,Mercedes_Benz_C_220_CDI_DPF_Automatik_Avantgarde,privat,Angebot,14499,control,limousine,2007,automatik,170,c_klasse,125000,5,diesel,mercedes_benz,13439,2016-04-06 15:45:36
2016-03-27 20:51:23,Audi_80_5_Zylinder_b4_liebhaberfahrzeug,privat,Angebot,1450,control,limousine,1992,manuell,136,,150000,0,,audi,38709,2016-04-05 20:17:31
2016-04-03 15:58:09,Verkaufe_ein_toppen_golf5,privat,Angebot,4300,test,limousine,2005,manuell,90,golf,150000,11,diesel,volkswagen,28779,2016-04-05 15:46:23
2016-03-24 14:38:41,Honda_Civic_1.6i,privat,Angebot,2499,test,limousine,2003,manuell,110,civic,150000,12,benzin,honda,42853,2016-03-24 14:38:41
2016-04-02 10:59:28,Alfa_Romeo_147_1.9_JTD_8V_M_Jet__DPF,privat,Angebot,3450,test,limousine,2007,manuell,120,147,150000,4,diesel,alfa_romeo,86678,2016-04-04 07:51:11
2016-04-01 15:53:08,Mercedes_Benz_C180_mit_TÜV,privat,Angebot,350,test,limousine,1996,manuell,122,c_klasse,150000,9,benzin,mercedes_benz,49685,2016-04-05 10:48:41
2016-03-13 01:57:12,BMW_530d_touring,privat,Angebot,3550,control,kombi,2000,automatik,184,5er,150000,11,diesel,bmw,72525,2016-04-06 08:45:19
2016-03-28 19:06:18,Sehr_gepflegter_unfallfreier_Ford_C_Max_Style+_1_6_DPF_mit_AHK,privat,Angebot,8250,test,bus,2010,manuell,109,c_max,125000,10,diesel,ford,35606,2016-04-07 04:44:59
2016-03-09 09:51:36,renault_clio_TÜV_NEU_bis_03_2018_inzahlungname_moeglich,privat,Angebot,800,test,kleinwagen,1998,manuell,54,clio,150000,11,benzin,renault,34516,2016-03-14 11:46:52
2016-03-14 12:46:46,Audi_A4_b5_Avant_TÜV_10/17,privat,Angebot,1500,test,kombi,1996,manuell,126,a4,150000,0,,audi,24873,2016-03-17 00:45:29
2016-03-31 00:59:04,Mercedes_Benz_GLK_250_BlueTEC_4Matic_Standhzg_Alcantara_Voll,privat,Angebot,41900,control,suv,2014,automatik,204,glk,40000,9,diesel,mercedes_benz,82131,2016-04-06 01:17:24
2016-04-05 09:55:37,BMW_330d_schadow_line,privat,Angebot,4200,control,kombi,2003,automatik,204,3er,150000,1,diesel,bmw,53757,2016-04-07 13:16:46
2016-03-06 21:38:00,Audi_100_c3_typ_44_bj_1985_quattro_krarosse_mit_achsen,privat,Angebot,150,control,kombi,1985,manuell,0,100,150000,4,benzin,audi,87616,2016-04-07 02:16:59
2016-03-27 12:59:00,Volkswagen_Golf_3,privat,Angebot,1000,test,kleinwagen,1996,manuell,75,golf,150000,3,benzin,volkswagen,38640,2016-04-01 12:45:50
2016-03-15 12:50:00,Krankenfahrstuhl_25_kmh__zu_verkaufen.,privat,Angebot,300,control,limousine,2005,manuell,0,punto,40000,9,,fiat,26215,2016-03-25 04:19:17
2016-03-09 12:50:41,Peugeot_307_90_Grand_Filou,privat,Angebot,800,control,limousine,2004,manuell,88,3_reihe,150000,9,benzin,peugeot,66333,2016-03-20 06:18:20
2016-03-22 10:50:53,Mercedes_C_200_Kompressor,privat,Angebot,2300,control,limousine,2000,manuell,160,c_klasse,150000,5,benzin,mercedes_benz,40231,2016-03-22 11:41:11
2016-03-29 07:56:29,Audi_A6_Avant_2_5tdi*Navi*Automatik*Euro4*,privat,Angebot,4000,test,kombi,2003,automatik,163,a6,150000,6,diesel,audi,22525,2016-03-31 01:47:16
2016-03-27 20:47:22,POLO_1.2_KILIMA_WIE_NEU,privat,Angebot,6799,control,kleinwagen,2009,manuell,60,,20000,5,benzin,volkswagen,89077,2016-03-27 20:47:22
2016-03-11 18:55:53,Opel_meriva_1.6_16_v_lpg__z16xe_no_OPC,privat,Angebot,3470,test,bus,2004,manuell,101,meriva,150000,10,lpg,opel,27432,2016-03-12 23:47:10
2016-04-03 18:58:25,BMW_Z4_roadster_2.2i_M_Paket__Klima__Xenon,privat,Angebot,9450,control,cabrio,2004,manuell,170,z_reihe,150000,12,benzin,bmw,65549,2016-04-07 11:15:22
2016-03-22 16:37:59,Fiat_Scudo_Bulli_Werkstattwagen_Diesel,privat,Angebot,5760,test,cabrio,2006,manuell,0,andere,5000,0,,fiat,44867,2016-04-06 06:17:56
2016-03-09 12:53:53,KIA_SPORTAGE,privat,Angebot,14500,control,cabrio,2017,manuell,136,sportage,125000,5,diesel,kia,49696,2016-04-05 23:45:15
2016-03-10 16:57:31,Mercedes_Benz_C_270_CDI_Elegance,privat,Angebot,6890,control,limousine,2003,manuell,170,c_klasse,125000,2,diesel,mercedes_benz,55743,2016-04-01 20:47:57
2016-03-23 14:45:57,Kia_Sorento__coole_Farbe_schaut......,privat,Angebot,7500,test,suv,2007,automatik,194,sorento,5000,11,benzin,kia,34314,2016-04-05 15:47:51
2016-04-01 16:06:24,Volkswagen_Golf_Function,privat,Angebot,800,control,limousine,1993,manuell,0,golf,10000,9,benzin,volkswagen,65929,2016-04-07 11:17:07
2016-03-08 19:58:07,A_210_Evolution_AMG_Styling_absoluter_Festpreis,privat,Angebot,1499,test,kleinwagen,2002,manuell,140,a_klasse,150000,10,,mercedes_benz,16727,2016-03-10 17:44:36
2016-03-19 19:49:15,is_ales_ok,privat,Angebot,500,control,kleinwagen,1999,manuell,0,,150000,0,benzin,renault,26969,2016-04-01 11:17:48
2016-03-28 10:50:04,VW_Caddy_Lkw_Zulassung,privat,Angebot,1495,control,kombi,2001,manuell,64,,150000,9,diesel,volkswagen,99086,2016-04-04 11:45:46
2016-03-30 10:50:00,Mitsubishi_Space_ohne_TÜV,privat,Angebot,300,test,kleinwagen,1994,manuell,0,andere,150000,7,benzin,mitsubishi,26340,2016-03-30 10:50:00
2016-04-04 12:57:02,OPEL_astra_G_TÜV_NEU,privat,Angebot,1200,control,kleinwagen,2018,manuell,75,astra,150000,0,,opel,15344,2016-04-06 14:45:26
2016-03-21 23:51:55,VW_Golf_CL__2er_Golf____TÜV_bis_02/2018,privat,Angebot,850,test,limousine,1989,manuell,69,golf,125000,11,benzin,volkswagen,95485,2016-04-05 15:17:35
2016-04-01 22:49:08,Volkswagen_T5_Transporter,privat,Angebot,8500,test,bus,2007,manuell,131,transporter,150000,12,diesel,volkswagen,17291,2016-04-05 21:45:06
2016-03-16 12:53:29,Volvo_v40_mit_klima,privat,Angebot,300,test,kombi,1998,manuell,0,v40,150000,6,benzin,volvo,47137,2016-03-25 10:18:16
2016-03-28 01:36:15,Honda_Civic_1.4i,privat,Angebot,1500,test,limousine,2000,manuell,75,civic,125000,11,benzin,honda,12163,2016-04-02 11:47:57
2016-04-01 10:54:38,BMW_E34_518I,privat,Angebot,950,control,limousine,1995,manuell,115,5er,150000,0,benzin,bmw,27751,2016-04-07 07:46:00
2016-03-14 12:54:41,Seat_Ibiza_1.2_12V,privat,Angebot,3200,test,kleinwagen,2004,manuell,64,ibiza,80000,2,benzin,seat,29633,2016-04-05 13:15:27
2016-03-19 13:36:22,Ford_C_MAX_1.6_TDCi_Titanium__7_Sitzer_Topausstattung,privat,Angebot,11890,test,bus,2011,manuell,116,c_max,150000,4,diesel,ford,97737,2016-04-06 18:48:10
2016-03-28 13:46:45,BMW_323_Ci_Automatik__Sitzheizung__Sportauspuff__Alufelgen_17Zoll,privat,Angebot,2900,test,coupe,2000,automatik,170,3er,150000,2,benzin,bmw,53332,2016-03-30 04:17:59
2016-03-07 12:38:19,Ford_Mustang_GT_V8_Cabrio_Premium_Neuwagenzustand,privat,Angebot,19750,test,cabrio,2006,manuell,305,mustang,50000,7,benzin,ford,38350,2016-03-12 20:18:29
2016-03-16 12:46:39,Volkswagen_Eos_2.0_FSI,privat,Angebot,9800,test,cabrio,2006,manuell,150,eos,60000,11,benzin,volkswagen,47198,2016-04-06 07:16:16
2016-03-18 12:39:23,Ford_Fiesta_1.4_Ghia_Klima__Scheckheft__Tuev_NEU!!,privat,Angebot,1990,control,kleinwagen,2003,manuell,80,fiesta,125000,4,benzin,ford,13469,2016-03-18 12:39:23
2016-03-18 06:36:46,Mercedes_Benz_Vito_115_CDI_Extralang_DPF_Aut.,privat,Angebot,10500,control,bus,2006,automatik,150,vito,150000,6,diesel,mercedes_benz,33729,2016-04-05 21:47:51
2016-03-24 15:38:18,Opel_Astra_J_Design_Edition_1.7_CDTI_ecoflex,privat,Angebot,11000,test,limousine,2012,manuell,131,astra,70000,3,diesel,opel,34613,2016-04-05 11:56:32
2016-03-22 10:55:42,Opel_Sintra_2.2__7_Sitzer,privat,Angebot,300,control,bus,1997,manuell,0,andere,150000,7,benzin,opel,24147,2016-03-28 00:15:33
2016-03-21 00:59:18,Mercedes_Benz_E320_Cdi_/TÜV_05.2017_//Vollaustattung,privat,Angebot,2390,test,kombi,2000,automatik,197,e_klasse,150000,5,diesel,mercedes_benz,27474,2016-04-05 22:46:06
2016-03-08 20:58:31,Skoda_Fabia_Combi_1.2_TSI_DSG_Style,privat,Angebot,16449,control,kombi,2015,automatik,110,fabia,10000,8,benzin,skoda,95502,2016-04-06 01:17:03
2016-03-12 17:47:07,BMW_e46_318i_touring,privat,Angebot,2999,test,kombi,2001,manuell,0,3er,150000,7,benzin,bmw,45891,2016-04-07 09:17:32
2016-03-21 14:43:48,Skoda_Fabian_Automatik._Kombi_Benziner,privat,Angebot,3000,control,limousine,2016,automatik,75,fabia,150000,0,benzin,skoda,24782,2016-03-31 17:45:24
2016-03-28 17:39:50,Audi_A4___1_8_TFSI___Xenon___Scheckheft___51_tkm___TOP_Zustand,privat,Angebot,14300,test,limousine,2011,manuell,120,a4,60000,5,benzin,audi,59494,2016-04-06 23:15:52
2016-03-21 19:06:21,Volkswagen_Polo_1.4_United_1._Hand,privat,Angebot,5999,test,kleinwagen,2009,manuell,80,polo,125000,5,benzin,volkswagen,65529,2016-04-05 20:47:12
2016-03-10 18:45:59,Audi_A6_Avant_2.5_TDI_quattro_S_line,privat,Angebot,3700,test,kombi,2003,automatik,179,a6,150000,11,diesel,audi,64846,2016-03-13 00:16:56
2016-03-10 23:55:39,Volkswagen_Touran_1.9_TDI_DPF_Navi_PDC_Tempomat_AHK_TÜV_Neu,privat,Angebot,8999,test,bus,2007,manuell,105,touran,90000,2,diesel,volkswagen,26689,2016-03-17 09:16:40
2016-03-16 15:51:08,BMW_530xd_e60_EZ10/2008,privat,Angebot,14000,test,limousine,2008,manuell,235,,150000,0,,bmw,95131,2016-04-07 14:56:12
2016-03-31 16:57:18,Ford_Mustang_V8_390cui,privat,Angebot,25000,control,coupe,1968,automatik,305,mustang,90000,11,benzin,ford,74547,2016-04-06 10:45:49
2016-03-30 22:51:56,Audi_80_1.8_in_tadellosem_Zustand._Erst_71.000_km!,privat,Angebot,2790,control,limousine,1992,manuell,90,80,80000,3,benzin,audi,1219,2016-04-05 15:46:38
2016-03-20 23:48:31,BMW_320i_Facelift,privat,Angebot,13400,control,limousine,2008,manuell,170,3er,100000,12,benzin,bmw,64289,2016-04-07 11:17:36
2016-03-25 15:56:48,Volkswagen_Golf_Plus_1.6_Goal,privat,Angebot,4900,test,bus,2006,manuell,102,golf,150000,8,benzin,volkswagen,4288,2016-04-06 20:16:54
2016-03-08 21:52:34,Volkswagen_Golf_R32_4Motion_DSG,privat,Angebot,11299,control,limousine,2006,automatik,250,golf,150000,8,benzin,volkswagen,22083,2016-03-19 09:46:58
2016-04-03 11:44:17,Golf_1_6_Family,privat,Angebot,550,control,andere,1997,manuell,75,golf,150000,6,benzin,volkswagen,96175,2016-04-07 12:45:02
2016-03-21 20:43:01,Hyundai_Getz_1.5_CRDi_VGT_GLS,privat,Angebot,1400,control,kleinwagen,2006,manuell,88,getz,150000,7,diesel,hyundai,51147,2016-04-02 22:47:22
2016-03-27 12:47:45,VW_Polo_Coupe_86c_1990Bj._125193km,privat,Angebot,1200,test,coupe,1990,manuell,45,,150000,0,benzin,volkswagen,83317,2016-04-07 08:17:08
2016-03-22 18:47:21,Opel_Insignia_2.0_CDTI_Sports_Tourer_Edition,privat,Angebot,9500,control,kombi,2011,manuell,131,insignia,150000,12,diesel,opel,31832,2016-04-02 13:15:39
2016-03-20 16:57:05,Volkswagen_Golf_Variant_1.9_TDI_Joker,privat,Angebot,1800,test,kombi,1999,manuell,90,golf,150000,4,diesel,volkswagen,1920,2016-04-06 22:47:14
2016-03-24 13:51:03,Renault_Twingo_Lazuli_sport_1.2_16V_TÜV_2_jahre,privat,Angebot,2800,control,kombi,2018,manuell,75,twingo,125000,12,,renault,86199,2016-04-07 05:17:27
2016-03-08 09:56:53,A3_2.0_TDI_Sportback_DPF_quattro,privat,Angebot,3200,control,kombi,2006,manuell,0,a3,150000,11,diesel,audi,41748,2016-03-08 09:56:53
2016-04-04 21:43:31,***_ACHTUNG_FORD_KA_NEU_TÜV_BIS_04/2087_ZU_VERKAUFEN_***,privat,Angebot,1350,test,kleinwagen,2002,manuell,60,ka,150000,8,benzin,ford,24103,2016-04-07 00:15:47
2016-04-02 23:54:43,BMW_530d_Touring_Aut._TOP_Ausstattung!!!_Rabatt_!!,privat,Angebot,11000,test,kombi,2006,automatik,231,5er,150000,11,diesel,bmw,76332,2016-04-07 07:16:22
2016-04-03 20:44:13,Nissan_Almera,privat,Angebot,1999,test,cabrio,2016,manuell,110,almera,150000,9,diesel,nissan,10997,2016-04-05 21:17:18
2016-03-31 13:45:43,RENAULT_MEGANE_2.0_TURBO_COUPE_CABRIO_PRIVILEG,privat,Angebot,6900,control,cabrio,2006,manuell,163,megane,100000,1,benzin,renault,84416,2016-04-06 06:16:29
2016-03-30 16:39:39,BMW_730er_V8_Automatik_aus_3er_Hand_top_fahrbereit__TÜV:07.16!!!,privat,Angebot,1600,test,limousine,1996,automatik,0,7er,150000,5,benzin,bmw,12057,2016-04-01 10:45:49
2016-04-01 18:45:45,Audi_A6_Avant_2.7_TDI_DPF_multitronic,privat,Angebot,12999,control,kombi,2008,automatik,179,a6,150000,8,diesel,audi,25551,2016-04-05 14:18:28
2016-03-31 12:58:26,BMW_BMW_535_d_xDrive_M_Sportpaket+Head_Up+Panorama++,privat,Angebot,18400,test,kombi,2011,automatik,313,5er,150000,11,diesel,bmw,52477,2016-03-31 13:44:44
2016-03-25 01:36:44,Volkswagen_Vento_1.8_CLX,privat,Angebot,999,test,limousine,1995,manuell,75,andere,150000,10,benzin,volkswagen,76597,2016-04-06 06:45:14
2016-03-27 23:48:09,"Audi_A3_2.0_TDI_Sportback_DPF_S_tronic_Navi_Xenon_19""",privat,Angebot,12899,test,kombi,2009,automatik,140,a3,150000,9,diesel,audi,51109,2016-04-06 02:15:20
2016-03-31 19:52:39,BMW_318d_DPF,privat,Angebot,10500,control,limousine,2010,manuell,143,3er,150000,5,diesel,bmw,29683,2016-04-06 14:18:03
2016-03-13 00:56:50,Smart_smart_&_pulse_cdi_TÜV_neu,privat,Angebot,2250,control,kleinwagen,2001,manuell,41,fortwo,150000,10,diesel,smart,78224,2016-03-30 01:47:18
2016-04-02 10:51:46,Volkswagen_Golf_1.4_Trendline,privat,Angebot,8500,test,limousine,2010,manuell,80,golf,50000,3,benzin,volkswagen,34385,2016-04-02 10:51:46
2016-04-05 11:48:01,"BMW_130i_LCI_M_Paket_ab_Werk_Xenon_Schiebedach_18""",privat,Angebot,14900,test,limousine,2007,manuell,265,1er,150000,10,benzin,bmw,14129,2016-04-05 11:48:01
2016-03-17 13:47:55,Golf_3_75PS_Klima_Schiebedach,privat,Angebot,500,control,kleinwagen,1994,manuell,75,golf,150000,3,benzin,volkswagen,23879,2016-03-28 14:45:17
2016-03-11 19:50:22,VW_Lupo_1_0_l_Tuev_6/2017_viele_Neuteile_verbaut,privat,Angebot,1200,test,kleinwagen,2002,manuell,45,lupo,150000,9,benzin,volkswagen,38707,2016-03-20 07:18:49
2016-03-21 15:43:25,Audi_A3_1.8_Ambiente,privat,Angebot,1250,control,limousine,1996,manuell,125,a3,150000,9,benzin,audi,63811,2016-03-30 01:18:23
2016-04-04 17:48:29,VW_Polo_Coupe_86c_in_rot__guter_Zustand__alltagsauto,privat,Angebot,370,test,kleinwagen,1992,manuell,54,polo,125000,10,benzin,volkswagen,30926,2016-04-04 17:48:29
2016-03-16 15:47:36,A6_Avant_Quattro,privat,Angebot,1000,test,kombi,1999,manuell,165,a6,150000,0,,audi,50181,2016-04-06 17:46:17
2016-03-12 08:55:50,AB_SOFORT_Renault_19__Chamade__R19__88PS__Ph2__TÜV_05/17,privat,Angebot,350,control,limousine,1993,manuell,88,r19,150000,3,benzin,renault,6895,2016-03-16 08:16:48
2016-03-15 23:55:52,BMW_325d_Coupe,privat,Angebot,8600,control,coupe,2007,manuell,197,3er,150000,4,diesel,bmw,72116,2016-03-16 08:42:05
2016-03-13 18:47:40,Opel_zafira,privat,Angebot,2100,test,cabrio,2017,manuell,0,zafira,150000,12,diesel,opel,24782,2016-03-13 18:47:40
2016-03-07 17:52:07,Volkswagen_Golf_Cabrio,privat,Angebot,2222,test,cabrio,1991,manuell,98,golf,150000,3,benzin,volkswagen,17495,2016-04-06 13:17:11
2016-03-27 18:54:59,Caddy_14d_1.6SDI,privat,Angebot,850,control,cabrio,1985,manuell,54,caddy,150000,0,diesel,volkswagen,34471,2016-04-05 15:46:54
2016-04-05 08:57:20,BMW_325i_Aut.,privat,Angebot,11800,test,limousine,2005,automatik,218,3er,150000,11,benzin,bmw,88255,2016-04-07 12:17:52
2016-03-29 23:57:50,Ford_C_Max_zu_verkaufen!,privat,Angebot,4000,control,bus,2008,manuell,115,c_max,125000,6,diesel,ford,52525,2016-04-06 22:45:21
2016-03-16 11:46:23,Mercedes_Benz_CDI_Kombi_Elegance,privat,Angebot,4650,test,kombi,2005,automatik,150,c_klasse,150000,8,diesel,mercedes_benz,12109,2016-03-20 09:44:22
2016-03-23 11:42:10,Peugeot_206_1.4i_TÜV_NEU+8_Fach_Bereift+PANORAMADACH+4_TÜRER+,privat,Angebot,1450,test,kleinwagen,1999,manuell,75,2_reihe,150000,8,benzin,peugeot,21423,2016-04-01 15:15:53
2016-03-23 16:51:03,TÜV_NEU!_Top_Anfaengerauto!_Corsa_1.4,privat,Angebot,900,test,kleinwagen,2017,manuell,60,corsa,150000,0,benzin,opel,33602,2016-03-23 16:51:03
2016-03-08 13:55:52,Mondeo_TDCI_Bj._2002,privat,Angebot,800,control,kombi,2002,manuell,115,mondeo,150000,12,diesel,ford,34253,2016-03-10 08:17:28
2016-03-20 11:38:38,Seat_Cordoba_Vario_1.9_TDI_TÜV_NEU!!_Gruene_Plakette!_VHB!,privat,Angebot,1600,test,kombi,2000,manuell,90,cordoba,150000,11,,seat,67346,2016-03-26 19:18:11
2016-03-05 15:55:47,Volkswagen_Golf_V_1.4_Top_Zustand_*TÜV*,privat,Angebot,2800,control,limousine,2004,manuell,75,golf,100000,9,benzin,volkswagen,6295,2016-03-16 06:45:15
2016-03-14 15:56:43,Mercedes_Benz_C_200_T_CDI_Avantgarde_DPF,privat,Angebot,5499,control,kombi,2004,manuell,122,c_klasse,150000,9,diesel,mercedes_benz,60318,2016-03-17 07:17:11
2016-03-28 18:56:10,BMW_323i,privat,Angebot,5500,control,limousine,2000,manuell,170,3er,150000,5,benzin,bmw,41470,2016-04-07 01:16:06
2016-03-16 22:06:24,Mondeo_Tddi_Teile_gesucht,privat,Angebot,1287,test,kombi,2001,manuell,115,mondeo,150000,0,,ford,57627,2016-03-26 11:17:50
2016-03-12 08:51:00,Suzuki_LJ_80_fuer_Bastler,privat,Angebot,1000,control,suv,1982,manuell,41,andere,150000,11,benzin,suzuki,56337,2016-03-13 00:45:46
2016-03-26 20:57:26,Audi_A4_Avant_2.0_TDI_Attraction_150PS_Xenon+_Navi+,privat,Angebot,22290,control,kombi,2013,manuell,150,a4,50000,8,diesel,audi,84048,2016-04-06 11:45:22
2016-03-14 09:54:32,ich_verkaufe_einen_Golf_5,privat,Angebot,3750,control,kleinwagen,2005,manuell,75,golf,150000,0,,volkswagen,22115,2016-03-20 23:18:03
2016-03-22 11:59:28,Lancia_Phedra_2.0_16v_JTD_Emblema,privat,Angebot,1440,control,bus,2003,manuell,109,andere,150000,11,diesel,lancia,83317,2016-03-22 11:59:28
2016-03-21 14:56:24,Renault_Clio_1.4_RXE,privat,Angebot,1150,control,kleinwagen,2000,manuell,75,clio,150000,3,benzin,renault,44879,2016-03-22 19:20:00
2016-03-05 17:50:33,Volkswagen_Golf_2.0_GTD_Bremsen+Scheiben+TÜV_NEU_NAVI,privat,Angebot,15700,test,limousine,2011,manuell,170,golf,90000,3,diesel,volkswagen,32832,2016-03-11 16:17:33
2016-03-17 06:56:39,BMW_316i,privat,Angebot,899,control,coupe,1995,manuell,102,3er,150000,8,benzin,bmw,85640,2016-03-20 07:17:29
2016-03-26 10:48:12,Mercedes_E_Klasse_kotfuegel_richt,privat,Angebot,130,test,kombi,1998,manuell,0,e_klasse,150000,0,,mercedes_benz,22047,2016-04-05 22:15:49
2016-04-01 14:38:34,Bmw_320i_Touring_mit_Lederausstattung_in_schwarz__Vollaustattung.,privat,Angebot,9200,test,kombi,2006,manuell,150,3er,150000,1,benzin,bmw,85659,2016-04-05 08:50:10
2016-03-20 12:58:06,Mercedes_Benz_Sprinter_313_CDI_Doka_3_5t,privat,Angebot,3350,test,bus,2000,manuell,130,sprinter,150000,12,diesel,mercedes_benz,96472,2016-03-21 15:21:23
2016-04-01 19:58:29,Renault_Clio_II_1.2_i_16V,privat,Angebot,2700,control,kleinwagen,2006,manuell,75,clio,125000,6,benzin,renault,34582,2016-04-05 17:26:59
2016-03-10 10:46:01,Mazda_Premacy_1.9,privat,Angebot,800,test,bus,2001,automatik,114,andere,150000,4,benzin,mazda,35043,2016-03-20 15:45:12
2016-03-06 18:49:03,Nissan_350_Z,privat,Angebot,10200,control,coupe,2008,manuell,0,andere,90000,6,benzin,nissan,71131,2016-04-06 22:17:28
2016-04-03 11:59:39,Audi_A6_2.0_TDI_DPF_multitronic,privat,Angebot,9800,control,limousine,2008,automatik,140,a6,150000,10,diesel,audi,48249,2016-04-03 11:59:39
2016-03-30 20:42:52,Volkswagen_Golf_2.0_GTI_DSG,privat,Angebot,14700,control,limousine,2012,automatik,211,golf,60000,12,benzin,volkswagen,42283,2016-04-07 12:45:20
2016-03-28 22:55:34,Schicker__roter__Sportflitzer_GOLF_4_1_6,privat,Angebot,1200,control,limousine,1997,manuell,101,golf,150000,1,benzin,volkswagen,10777,2016-03-30 21:18:00
2016-04-01 13:46:21,Mitsubishi_Colt_1300_GLi_|_original_65.500_Km_|_TÜV_neu,privat,Angebot,895,test,limousine,1995,manuell,75,colt,70000,3,benzin,mitsubishi,50823,2016-04-01 13:46:21
2016-03-30 21:39:12,Volkswagen_6n,privat,Angebot,950,test,kleinwagen,1995,manuell,54,polo,150000,5,benzin,volkswagen,34270,2016-04-05 11:45:31
2016-03-10 15:50:57,Subaru_Impreza_2.5i_US_Modell_sehr_selten___RS_STI_WRX__,privat,Angebot,8000,test,limousine,2006,manuell,177,impreza,150000,0,,subaru,66540,2016-04-05 13:17:00
2016-03-16 19:49:49,BMW_540ia_M_packet_Shadowline,privat,Angebot,6799,test,limousine,2002,automatik,286,5er,150000,2,lpg,bmw,41836,2016-04-07 05:16:57
2016-03-23 19:54:35,Opel_Corsa_MIT_TÜV__Geringer_Verbrauch__ALUFELGEN_!!!,privat,Angebot,500,control,kleinwagen,1999,manuell,56,corsa,150000,8,benzin,opel,32756,2016-03-23 19:54:35
2016-03-05 18:38:39,Volkswagen_Polo_1.2_TSI_DSG_MATCH,privat,Angebot,11919,test,kleinwagen,2012,automatik,90,polo,30000,11,benzin,volkswagen,6110,2016-04-07 04:46:28
2016-03-21 10:44:34,Porsche_Cayman_2.9___PCM/Navi___Sport_Chrono___TÜV_neu,privat,Angebot,25900,test,coupe,2009,manuell,265,andere,125000,5,benzin,porsche,93053,2016-03-25 06:17:46
2016-03-25 08:52:58,vw_golf_3_90ps_lederausstattung,privat,Angebot,300,control,kleinwagen,1993,manuell,90,golf,150000,8,benzin,volkswagen,27412,2016-04-04 06:22:54
2016-03-06 09:48:11,Audi_A1_1.6_TDI_Attraction,privat,Angebot,10800,control,kleinwagen,2010,manuell,105,a1,125000,12,diesel,audi,24537,2016-03-09 22:18:06
2016-03-07 10:49:21,Opel_Vectra_Edition_2000_klimaautomatic_Standheizung___gepflegt,privat,Angebot,650,test,limousine,2002,manuell,101,vectra,150000,1,benzin,opel,16816,2016-03-07 10:49:21
2016-03-10 15:52:45,BMW_318i_touring,privat,Angebot,800,test,kombi,2000,manuell,118,3er,150000,9,benzin,bmw,51647,2016-03-10 15:52:45
2016-03-27 21:50:59,Volkswagen_Lupo_1.4_TDI,privat,Angebot,1690,test,kleinwagen,2001,manuell,75,lupo,150000,5,diesel,volkswagen,45147,2016-04-01 23:44:57
2016-04-04 21:52:13,Megane_CC,privat,Angebot,3650,test,cabrio,2004,manuell,113,megane,150000,9,benzin,renault,21739,2016-04-07 00:45:06
2016-03-20 19:49:21,Citroën_Berlingo_L1_1.6_HDi_75_Niveau_B,privat,Angebot,4850,test,bus,2009,manuell,75,berlingo,80000,1,diesel,citroen,42651,2016-03-20 19:49:21
2016-04-04 09:49:59,Mitsubishi_Colt_Tuev_07/2016,privat,Angebot,450,control,bus,2016,manuell,0,,150000,3,benzin,mitsubishi,59302,2016-04-06 11:17:11
2016-03-09 15:50:39,Mercedes__C220__CDI,privat,Angebot,1450,control,limousine,1999,manuell,0,c_klasse,5000,8,,mercedes_benz,39120,2016-03-10 01:17:06
2016-03-05 22:56:03,Volkswagen_Passat_Variant_2.0_TDI,privat,Angebot,4500,control,kombi,2007,manuell,140,passat,150000,11,diesel,volkswagen,93437,2016-03-06 04:40:29
2016-04-03 02:57:31,Volkswagen_Passat_Variant_2.0_5V_Comfortline_Family,privat,Angebot,3900,control,kombi,2003,manuell,131,passat,150000,4,benzin,volkswagen,39218,2016-04-07 09:44:44
2016-03-29 22:50:53,Volkswagen_Caravelle_Lang_DSG_Navi_Standheiz._VOLL,privat,Angebot,26999,test,bus,2013,automatik,140,transporter,80000,10,diesel,volkswagen,83684,2016-04-06 11:47:14
2016-03-09 10:51:52,Volkswagen_Passat_Variant_1.6,privat,Angebot,750,control,kombi,2000,manuell,101,passat,150000,3,benzin,volkswagen,23758,2016-03-09 11:41:16
2016-03-11 00:55:09,"BMW_730d_VOLLAUSSTATTUNG__E38_""2.Hand""",privat,Angebot,5900,test,limousine,1999,automatik,184,7er,150000,10,diesel,bmw,9405,2016-04-05 23:46:27
2016-04-04 23:48:59,Audi_A6_3.0_TDI_competition_S_Line_LED_BOSE,privat,Angebot,56900,control,limousine,2015,automatik,326,a6,5000,7,diesel,audi,45525,2016-04-07 04:16:57
2016-03-12 15:55:41,Volkswagen_Golf_2.0,privat,Angebot,1100,control,limousine,2000,manuell,116,golf,150000,4,benzin,volkswagen,90439,2016-03-12 15:55:41
2016-03-11 13:52:52,Mercedes_Benz_CLS_350_CDI_4Matic_7G_TRONIC,privat,Angebot,48000,test,coupe,2014,automatik,265,andere,80000,10,diesel,mercedes_benz,96123,2016-04-05 08:47:16
2016-03-21 17:36:59,Renault_Clio_III_Sport_RS_201,privat,Angebot,8400,control,kleinwagen,2009,manuell,201,clio,70000,6,benzin,renault,99713,2016-03-30 04:46:31
2016-03-12 07:26:49,Tausche_Youngtimer_Audi_80_mit_knapp_62000_km,privat,Angebot,3421,test,limousine,1990,manuell,90,80,70000,6,benzin,audi,55122,2016-03-26 23:15:49
2016-03-29 14:54:44,VW_Golf_IV_1.4_16V_Motorschaden?,privat,Angebot,800,test,limousine,1998,manuell,75,golf,150000,5,benzin,volkswagen,31275,2016-04-06 01:15:45
2016-03-22 19:56:01,Mercedes_Benz_ML_350_CDI_4Matic_7G_TRONIC_DPF_BRABUS_AMG,privat,Angebot,27500,test,suv,2009,automatik,224,m_klasse,150000,12,diesel,mercedes_benz,54636,2016-04-06 13:16:23
2016-03-25 12:25:20,Volkswagen_Touran_1.4_TSI_Highline_R_Line_7Sitze/Standheiz.,privat,Angebot,14950,test,bus,2009,manuell,140,touran,70000,3,benzin,volkswagen,55129,2016-04-07 05:46:31
2016-03-28 18:38:30,BMW_Z4_roadster_2.2i,privat,Angebot,14900,control,cabrio,2004,manuell,170,z_reihe,70000,6,benzin,bmw,16321,2016-04-07 00:17:37
2016-03-12 16:44:57,BMW_535i,privat,Angebot,2950,control,limousine,1998,automatik,235,5er,150000,5,benzin,bmw,97332,2016-03-19 19:16:31
2016-03-29 23:38:02,Audi_80_coupe_top_gepflegt_2_0,privat,Angebot,1500,control,coupe,1994,manuell,116,,150000,8,,audi,32791,2016-04-06 20:16:34
2016-03-30 23:56:48,VW_Tiguan_2.0_TDI_DPF_BlueMotion_Technology,privat,Angebot,12000,control,suv,2011,manuell,101,tiguan,150000,7,diesel,volkswagen,1069,2016-03-31 07:43:22
2016-03-15 19:58:30,Mercedes_Benz_C_220_T_CDI_Elegance,privat,Angebot,2500,control,kombi,2001,automatik,150,c_klasse,150000,11,diesel,mercedes_benz,22549,2016-04-04 23:18:49
2016-04-04 17:44:53,Volkswagen_Golf_4_Cabrio_2.0l_Benzin,privat,Angebot,2400,test,cabrio,2001,manuell,115,golf,150000,8,benzin,volkswagen,47533,2016-04-06 19:18:03
2016-03-06 08:36:22,Hyundai_i30_Withe_Edition,privat,Angebot,4600,test,kombi,2017,manuell,109,i_reihe,125000,0,benzin,hyundai,93495,2016-03-12 10:16:53
2016-03-17 22:52:09,Mitsubishi_3000_GT,privat,Angebot,6000,test,coupe,1995,manuell,286,andere,150000,4,benzin,mitsubishi,36093,2016-04-05 18:45:15
2016-03-07 15:55:34,Ford_Fiesta_1.6_TDCi_Titanium,privat,Angebot,8950,control,kleinwagen,2012,manuell,95,fiesta,60000,1,diesel,ford,50968,2016-04-05 12:15:41
2016-03-29 23:55:12,Opel_corsa_Topp_mit_1_Jahr_tuev,privat,Angebot,590,control,limousine,1996,manuell,0,corsa,150000,0,,opel,32052,2016-04-06 21:18:19
2016-03-24 11:48:01,Ford_Fiesta_aus_1._Hand_mit_Getriebeschaden,privat,Angebot,150,test,bus,2016,automatik,75,fiesta,50000,1,benzin,ford,32457,2016-03-30 11:48:26
2016-03-06 12:38:13,Ford_Mustang,privat,Angebot,18700,test,coupe,2009,automatik,213,mustang,80000,8,benzin,ford,97424,2016-04-06 05:44:39
2016-03-20 21:47:47,VW_Polo_1_2_Match_Plus_Teilleder_Panorama_SHZ_PDC_Klimaautomatik,privat,Angebot,9500,test,limousine,2012,manuell,69,polo,50000,11,benzin,volkswagen,91722,2016-04-03 07:00:20
2016-03-31 15:48:39,Volkswagen_Passat_3c_CC_2.0_TDI_DSG,privat,Angebot,11550,control,coupe,2009,automatik,140,passat,125000,12,diesel,volkswagen,26931,2016-03-31 15:48:39
2016-03-20 10:44:20,Renault_Grand_Espace,privat,Angebot,1250,control,bus,2017,manuell,0,espace,150000,8,benzin,renault,63073,2016-03-22 16:21:55
2016-03-30 16:47:47,BMW_316i,privat,Angebot,2400,test,limousine,1989,manuell,102,3er,150000,10,benzin,bmw,95364,2016-04-03 06:53:38
2016-03-19 16:40:33,VWTiguan_sehr_gepflegt,privat,Angebot,16150,test,suv,2011,manuell,150,tiguan,30000,4,benzin,volkswagen,6502,2016-04-07 02:15:37
2016-03-23 17:59:12,Sharan_dti,privat,Angebot,3400,control,bus,2000,manuell,0,sharan,150000,10,diesel,volkswagen,38259,2016-03-29 13:16:19
2016-03-07 06:14:28,Audi_1.Hand_Navi_Leder_Xenon,privat,Angebot,3000,test,coupe,2000,manuell,179,tt,150000,2,benzin,audi,55120,2016-03-08 10:18:07
2016-03-28 13:31:04,Volkswagen_Golf_1.9_TDI_Comfortline,privat,Angebot,5500,test,limousine,2004,manuell,90,golf,150000,10,diesel,volkswagen,56235,2016-04-06 07:46:17
2016-04-01 00:51:10,Mazda_6._Scheckheft,privat,Angebot,2000,test,bus,2004,manuell,122,6_reihe,5000,7,diesel,mazda,54558,2016-04-05 00:44:27
2016-03-22 13:54:57,Twingo_1_2,privat,Angebot,300,control,kleinwagen,1998,manuell,58,twingo,125000,11,,renault,42579,2016-03-22 13:54:57
2016-03-18 21:37:39,Verkaufe_Renault_Megane_Classic_mit_Klima,privat,Angebot,890,control,limousine,2000,manuell,107,megane,150000,6,benzin,renault,41065,2016-03-18 21:37:39
2016-03-10 20:43:12,Honda_jazz_1.4___5trg__mod_2006___klimatron___euro4___faehrt_super,privat,Angebot,2390,test,limousine,2016,manuell,83,jazz,150000,12,benzin,honda,78713,2016-03-13 03:17:27
2016-03-07 14:49:23,Mercedes_Benz_A_klasse,privat,Angebot,1450,control,limousine,2017,manuell,0,a_klasse,150000,8,benzin,mercedes_benz,45886,2016-03-08 00:15:42
2016-03-10 17:47:26,Astra_G__neu_TÜV,privat,Angebot,1699,control,limousine,1999,manuell,75,astra,150000,12,benzin,opel,26817,2016-03-16 06:17:06
2016-03-09 19:58:09,Mitsubishi_L_300,privat,Angebot,2899,test,bus,1996,manuell,69,andere,150000,9,diesel,mitsubishi,13409,2016-04-05 14:18:51
2016-04-04 18:56:38,Volkswagen_Golf_1.4_Comfortline,privat,Angebot,4800,test,limousine,2004,manuell,75,golf,80000,12,benzin,volkswagen,22926,2016-04-06 21:16:27
2016-03-29 00:56:26,Peugeot_308_175_THP_Sport_Plus__Navi__Panorama__Teilled.,privat,Angebot,6799,test,limousine,2008,manuell,174,3_reihe,90000,9,benzin,peugeot,58095,2016-04-05 14:47:33
2016-03-09 18:53:31,VW_Touran___1.9_Diesel___6_Gang_Getriebe,privat,Angebot,3400,test,bus,2003,manuell,100,touran,150000,0,diesel,volkswagen,41061,2016-03-26 04:45:31
2016-03-20 14:56:34,Opel_Astra_H_TÜV_neu,privat,Angebot,2650,test,limousine,2004,manuell,125,astra,150000,6,benzin,opel,96528,2016-03-20 14:56:34
2016-03-16 19:47:27,Renault_Clio_1.6_16_V,privat,Angebot,1000,test,kleinwagen,1999,manuell,107,clio,150000,6,benzin,renault,14612,2016-04-07 04:46:17
2016-03-24 14:56:28,Audi_a3_8l,privat,Angebot,800,test,coupe,1997,manuell,125,a3,150000,0,benzin,audi,64739,2016-03-29 00:44:57
2016-03-19 10:54:59,Audi_A4_Cabriolet_3.0,privat,Angebot,5299,test,cabrio,2002,manuell,220,a4,150000,4,benzin,audi,80999,2016-04-02 14:46:07
2016-03-19 04:37:03,Mercedes_Benz_E_220,privat,Angebot,7150,test,limousine,2002,manuell,150,e_klasse,150000,3,diesel,mercedes_benz,70619,2016-03-29 18:45:38
2016-03-21 14:38:37,Tauache_90ccm_roller_gegen_auto,privat,Angebot,200,control,limousine,2009,manuell,0,,10000,0,,sonstige_autos,6493,2016-03-24 02:47:34
2016-03-31 14:39:03,Citroën_c4_Coupé_TÜV_2017,privat,Angebot,2300,control,coupe,2006,manuell,88,c4,150000,6,benzin,citroen,49565,2016-04-05 18:46:30
2016-03-13 13:38:54,Biete_BMW_318_i_Kombi_auch_Tausch,privat,Angebot,1600,test,kombi,1999,manuell,0,,150000,6,benzin,bmw,41199,2016-03-28 12:46:35
2016-03-08 16:46:14,Opel_Corsa._1_Jahr_Tuev.,privat,Angebot,350,test,limousine,2017,manuell,0,corsa,150000,0,benzin,opel,26655,2016-03-08 16:46:14
2016-03-15 18:50:28,VW_Golf_Plus_DPF_140_PS_Rentnerfahrzeug,privat,Angebot,5500,control,bus,2006,manuell,140,golf,150000,8,diesel,volkswagen,87656,2016-04-04 18:45:12
2016-03-14 12:42:51,Fiat_Panda_4x4_Raritaet,privat,Angebot,4400,test,kleinwagen,1997,manuell,54,panda,125000,7,benzin,fiat,78112,2016-03-21 02:16:19
2016-04-01 19:54:05,Audi_A3_2.0_TDI_Sportback_DPF,privat,Angebot,7950,control,limousine,2008,manuell,140,a3,150000,10,diesel,audi,26419,2016-04-01 19:54:05
2016-03-05 19:47:47,BMW_Z4_Coupe_3.0si_/Sommerfahrzeug,privat,Angebot,16500,test,coupe,2007,manuell,265,z_reihe,150000,3,benzin,bmw,71083,2016-04-07 12:17:24
2016-03-05 14:41:09,BMW_Z4_roadster_2.2i_Automatik_Prof_Navi,privat,Angebot,8100,control,cabrio,2004,automatik,170,z_reihe,150000,9,benzin,bmw,38723,2016-03-19 20:47:36
2016-03-08 02:36:19,VW_Buss_T5_Kastenwagen_mit_Klima_und_Anhaengerkupplung,privat,Angebot,3999,control,limousine,2017,manuell,85,transporter,150000,10,diesel,volkswagen,50321,2016-03-09 04:46:59
2016-03-10 12:57:13,Volkswagen_up!_ASG_high_up!,privat,Angebot,9750,test,kleinwagen,2013,automatik,75,up,60000,7,benzin,volkswagen,99817,2016-04-07 06:45:08
2016-04-03 21:06:19,Mazda_3_2.2_MZR_CD_DPF_Sports_Line,privat,Angebot,7700,test,limousine,2009,manuell,185,3_reihe,150000,5,diesel,mazda,35510,2016-04-05 12:10:46
2016-03-05 14:25:18,PEUGEOT_306_Cabriolet_1_6_Saint_Tropez,privat,Angebot,2500,control,cabrio,1999,manuell,88,3_reihe,150000,6,benzin,peugeot,65624,2016-04-06 22:15:56
2016-03-31 09:55:33,Smart_smart_&_passion,privat,Angebot,1195,control,kleinwagen,1999,automatik,54,fortwo,125000,11,benzin,smart,86399,2016-03-31 10:45:59
2016-03-15 15:41:08,Renault_Clio_Grandtour_1.2_16V_75_Dynamique,privat,Angebot,9790,control,kombi,2014,manuell,73,clio,30000,4,benzin,renault,10249,2016-03-29 20:18:04
2016-03-10 17:39:51,Renault_Clio,privat,Angebot,1849,control,kleinwagen,1999,manuell,54,clio,90000,7,benzin,renault,53940,2016-03-12 22:18:31
2016-03-28 14:57:57,Smart_Fortwo_Coupe_cdi__schwarz_,privat,Angebot,3300,test,kleinwagen,2006,automatik,41,fortwo,125000,8,diesel,smart,33719,2016-03-30 05:46:53
2016-03-05 14:47:19,Volkswagen_Transporter_T4_70B_1F2,privat,Angebot,650,control,kombi,1991,manuell,77,transporter,150000,7,diesel,volkswagen,59348,2016-04-07 09:45:43
2016-03-26 13:53:42,Toyota_Celica_GT,privat,Angebot,2600,control,coupe,1998,manuell,170,andere,150000,10,benzin,toyota,9437,2016-04-06 01:47:01
2016-03-16 17:38:52,Mercedes_Benz_C_220_T_CDI_Avantgarde,privat,Angebot,11700,control,kombi,2008,manuell,170,andere,150000,7,diesel,mercedes_benz,91717,2016-04-06 23:16:34
2016-03-21 01:59:07,renault_gebraucht,privat,Angebot,600,test,bus,1998,manuell,90,scenic,150000,6,benzin,renault,24143,2016-03-26 12:46:25
2016-04-02 15:43:07,Hyundai_i30cw_1.4_Cl._Sparauto_LPG_Gas__1._Hand_scheckh.,privat,Angebot,4950,control,kombi,2009,manuell,109,i_reihe,150000,9,benzin,hyundai,87439,2016-04-06 14:16:46
2016-03-30 21:38:18,LUPO_1.0_LPG_super_sparsam___8fach_bereift___TÜV_NEU_bis_03/2018!,privat,Angebot,1600,test,kleinwagen,2003,manuell,50,lupo,150000,3,benzin,volkswagen,55543,2016-04-05 11:45:25
2016-03-11 20:56:26,BMW_3er_318_Ci_Edition_Exclusive_M_Technic_CABRIO_8500€,privat,Angebot,8499,control,cabrio,2006,manuell,150,3er,150000,3,benzin,bmw,51515,2016-04-06 04:44:25
2016-04-02 16:44:11,Fiat_Sicento_Abart,privat,Angebot,1650,control,limousine,2017,manuell,0,seicento,60000,5,benzin,fiat,91315,2016-04-04 14:16:47
2016-03-09 15:45:23,Volkswagen_Golf_1.6,privat,Angebot,1700,control,limousine,1999,manuell,101,golf,150000,6,benzin,volkswagen,37619,2016-03-10 11:17:48
2016-03-19 23:54:43,Kia_Ceed_1.4_CVVT_Attract_blau_metallic_SHZ_HU_2_/17,privat,Angebot,5750,control,limousine,2010,manuell,90,ceed,100000,2,benzin,kia,85665,2016-04-06 03:15:22
2016-03-20 18:49:25,Renault_Kangoo_1.2_16V_Authentique,privat,Angebot,600,test,bus,2001,manuell,75,kangoo,150000,12,benzin,renault,58553,2016-04-07 02:44:50
2016-03-06 10:06:20,Sehr_sauber_vw_polo_Mit_klimaanlage,privat,Angebot,1230,control,limousine,2005,manuell,0,polo,150000,0,benzin,volkswagen,35392,2016-03-07 19:12:00
2016-03-25 07:36:27,520_Navi__Klima___Automatik...,privat,Angebot,8700,test,limousine,2004,automatik,170,5er,150000,1,benzin,bmw,21682,2016-04-06 07:46:12
2016-03-31 14:53:55,Mercedes_Benz_E220CDI_Kombi_Automatik,privat,Angebot,1200,control,kombi,1999,automatik,125,c_klasse,150000,2,diesel,mercedes_benz,53123,2016-04-06 08:17:03
2016-03-20 11:44:15,Mazda_5_1.6_MZ_CD_Sendo,privat,Angebot,18880,test,bus,2014,manuell,116,5_reihe,20000,11,diesel,mazda,59872,2016-04-06 08:46:43
2016-03-19 17:48:55,BMW_520d_Touring_Aut.,privat,Angebot,11200,control,kombi,2008,automatik,177,5er,150000,7,diesel,bmw,91301,2016-04-01 07:49:21
2016-03-09 20:45:43,Camaro_3.4_..V6,privat,Angebot,3550,test,limousine,1993,manuell,0,andere,125000,11,benzin,chevrolet,54634,2016-03-14 15:15:34
2016-03-28 18:47:24,Seat_Ibiza_Sport,privat,Angebot,3900,control,kleinwagen,2003,manuell,75,ibiza,125000,2,benzin,seat,53572,2016-04-07 00:46:29
2016-03-10 18:53:17,BMW_118d_DPF,privat,Angebot,13849,test,limousine,2010,manuell,143,1er,80000,12,diesel,bmw,73485,2016-04-06 00:45:33
2016-03-26 19:58:06,Skoda_Yeti_1.2_TSI_Ambition,privat,Angebot,13200,control,suv,2013,manuell,105,yeti,40000,3,benzin,skoda,79400,2016-04-06 10:45:21
2016-03-28 20:56:52,Skoda_Fabia_1.4_16V_Combi_Elegance,privat,Angebot,2500,control,kombi,2001,manuell,101,fabia,125000,8,benzin,skoda,81541,2016-04-07 03:45:06
2016-04-02 20:50:59,Skoda_Fabia_1.2_HTP_Cool_Edition,privat,Angebot,2550,test,kleinwagen,2006,manuell,54,fabia,150000,4,benzin,skoda,27419,2016-04-02 20:50:59
2016-03-10 09:56:48,Skoda_Octavia_Combi_1.6_Gas_1.hand__Scheckheft,privat,Angebot,3900,test,kombi,2006,manuell,102,octavia,150000,11,lpg,skoda,26419,2016-03-15 19:15:19
2016-03-16 09:47:12,BMW_330i,privat,Angebot,2450,test,limousine,2001,manuell,231,3er,150000,11,benzin,bmw,85748,2016-03-19 06:46:08
2016-04-03 09:53:39,Opel_Corsa_B_1.2_TÜV_11/16_Webasto_Standheizung,privat,Angebot,500,control,kleinwagen,1996,manuell,45,corsa,70000,4,benzin,opel,8496,2016-04-07 11:17:28
2016-03-27 18:37:16,Volkswagen_Passat_Variant_1.9_TDI,privat,Angebot,750,control,kombi,1998,manuell,90,passat,150000,12,diesel,volkswagen,35415,2016-03-29 14:30:36
2016-03-23 17:49:30,Opel_Zafira_irmscher,privat,Angebot,1799,control,bus,1999,automatik,116,zafira,150000,7,benzin,opel,64579,2016-03-25 01:45:48
2016-03-10 17:58:38,Golf_3_mit_gas_Anlage,privat,Angebot,950,control,kleinwagen,1997,manuell,0,golf,150000,6,,volkswagen,53639,2016-03-23 16:21:38
2016-03-15 19:46:06,Seat_Mii_1.0_Style_Salsa_Sport_Navi__Klima__Tempom...,privat,Angebot,8150,control,kleinwagen,2012,manuell,75,mii,60000,11,benzin,seat,83646,2016-03-16 17:46:37
2016-03-05 14:14:19,Mazda_RX_8,privat,Angebot,3900,test,coupe,2004,manuell,192,rx_reihe,125000,7,benzin,mazda,57520,2016-03-29 05:18:01
2016-03-08 08:57:34,Peugeot_107_Klima,privat,Angebot,5500,test,kleinwagen,2012,manuell,68,,40000,12,,peugeot,24536,2016-03-21 21:44:28
2016-03-30 07:54:00,Opel_Corsa_1.4_ecoFLEX_Start/Stop_Color_Edition,privat,Angebot,9999,control,kleinwagen,2014,manuell,90,corsa,20000,9,benzin,opel,55294,2016-04-06 23:46:25
2016-03-12 19:00:11,Vw_golf_2_TÜV_neu_!!,privat,Angebot,1050,test,kombi,2018,manuell,0,golf,150000,0,,volkswagen,53567,2016-04-07 10:44:48
2016-03-31 19:50:19,!!!_Ford_Mondeo__mit_TÜV___das_ist_wichtig_Tausche__auch_!!!,privat,Angebot,500,control,kombi,2001,manuell,131,mondeo,150000,12,diesel,ford,66117,2016-04-06 14:17:56
2016-03-29 16:36:57,VW_Golf_1.8_Autogas_mit_Benzin_4_Tuere,privat,Angebot,699,control,limousine,1992,manuell,66,golf,150000,10,lpg,volkswagen,67065,2016-04-06 02:15:37
2016-04-05 10:54:41,opel_astra_f_cabriolet,privat,Angebot,999,control,cabrio,1994,manuell,115,astra,150000,3,benzin,opel,56070,2016-04-05 12:26:18
2016-04-03 15:49:38,Audi_A6_4B_4_2_V8,privat,Angebot,6250,test,limousine,2003,manuell,299,a6,150000,3,benzin,audi,49733,2016-04-05 15:16:12
2016-03-17 14:52:07,Volkswagen_T2_Bus,privat,Angebot,10000,control,bus,1976,manuell,0,transporter,5000,0,benzin,volkswagen,73479,2016-03-19 14:21:08
2016-03-23 23:57:07,Peugeot__F__206_mit_Motorschaden,privat,Angebot,300,control,kleinwagen,2001,manuell,0,,150000,5,benzin,peugeot,84579,2016-03-25 15:22:13
2016-03-30 13:53:41,BMW_635_CSi_!_Top_gepflegt_!_H_Kennz._!_TÜV_2017,privat,Angebot,16500,test,coupe,1983,manuell,218,6er,150000,10,benzin,bmw,42719,2016-04-01 08:18:11
2016-03-14 23:52:32,Ford_Focus_1.8__FFV__flexifuel_Style,privat,Angebot,6500,control,limousine,2007,manuell,125,focus,125000,9,andere,ford,97199,2016-04-05 11:51:03
2016-03-11 21:49:52,Corvette_Z06,privat,Angebot,49500,test,cabrio,2013,manuell,0,,10000,6,benzin,sonstige_autos,79774,2016-03-13 04:45:42
2016-03-31 19:43:37,Renault_Modus,privat,Angebot,1200,control,kombi,2016,manuell,75,modus,150000,0,benzin,renault,47546,2016-03-31 19:43:37
2016-03-21 23:53:36,Golf_Cabrio,privat,Angebot,1480,test,cabrio,2000,manuell,74,golf,150000,6,benzin,volkswagen,19246,2016-04-05 14:17:54
2016-03-26 21:37:36,Fiat_Punto_188_SX__97.000km__TÜV__8_Fach_Bereifung__MP3_Radio,privat,Angebot,1490,control,kleinwagen,2000,manuell,60,punto,100000,6,benzin,fiat,59557,2016-04-06 14:15:47
2016-03-30 20:41:10,Opel_Astra_1.7_CDTI_Caravan_DPF_Catch_me_now,privat,Angebot,3200,control,kombi,2008,manuell,110,astra,150000,5,diesel,opel,47495,2016-04-05 09:52:46
2016-04-04 10:53:57,Audi_A6_Avant_2.5_TDI_TÜV_10.2017,privat,Angebot,3250,control,kombi,2003,manuell,163,a6,150000,4,diesel,audi,40789,2016-04-06 12:17:40
2016-03-26 22:56:11,Volkswagen_Fox_1.2__KLIMA,privat,Angebot,3400,test,kleinwagen,2006,manuell,54,fox,70000,6,benzin,volkswagen,33790,2016-04-07 01:46:35
2016-03-28 14:53:30,Renault_Twingo_mit_Faltdach,privat,Angebot,1100,test,kleinwagen,2002,manuell,58,twingo,150000,5,benzin,renault,44623,2016-04-06 19:16:29
2016-03-25 15:51:40,Opel_Vectra_2.2_DTI,privat,Angebot,1750,test,limousine,2002,manuell,125,vectra,150000,4,diesel,opel,73431,2016-04-06 20:16:15
2016-03-29 21:38:39,VW_Passat_2l_TDI_DSG_Automatik,privat,Angebot,3300,test,kombi,2006,automatik,140,passat,150000,11,diesel,volkswagen,33775,2016-03-31 15:16:54
2016-04-02 12:39:02,Chevrolet_Matiz_0.8_SE,privat,Angebot,1350,test,kleinwagen,2005,manuell,52,matiz,150000,6,benzin,chevrolet,91207,2016-04-06 10:17:28
2016-04-04 10:46:55,Fiat_Panda_1.2_4x4_Climbing,privat,Angebot,8250,control,kleinwagen,2012,manuell,69,panda,80000,2,benzin,fiat,42555,2016-04-06 11:45:34
2016-03-24 21:50:08,Vw_beetle_highline_2_0_l_lederausstattung_+++,privat,Angebot,2500,test,kleinwagen,2000,manuell,115,beetle,150000,1,benzin,volkswagen,7987,2016-04-05 17:17:10
2016-03-16 03:03:22,Audi_A6_Avant_2.5_TDI_GRÜNE_Plakette_VOLL,privat,Angebot,3999,test,kombi,2004,automatik,163,a6,150000,3,diesel,audi,18442,2016-04-05 23:16:34
2016-03-31 21:59:23,Mercedes_Benz_ML_63_AMG_4Matic_7G_TRONIC,privat,Angebot,21500,test,suv,2007,automatik,510,m_klasse,150000,4,lpg,mercedes_benz,33178,2016-04-06 17:45:19
2016-03-23 09:54:26,BMW_118i,privat,Angebot,7000,test,limousine,2007,manuell,143,1er,150000,9,benzin,bmw,85375,2016-03-29 02:16:45
2016-03-12 12:40:29,Renault_Grand_Scenic__7_Sitzer__EURO_4,privat,Angebot,2950,test,bus,2005,manuell,131,andere,150000,6,diesel,renault,91781,2016-03-17 10:17:56
2016-03-18 21:06:25,Hyundai_i20,privat,Angebot,4850,control,kleinwagen,2010,manuell,77,i_reihe,100000,12,benzin,hyundai,65936,2016-03-20 08:35:03
2016-03-10 14:45:46,Fiat_Punto_1.2,privat,Angebot,1100,test,kleinwagen,2000,manuell,60,punto,60000,6,benzin,fiat,87600,2016-03-11 02:16:04
2016-03-20 04:36:43,Opel_Vectra_2_2_GTS_Tuev_12/2017,privat,Angebot,3600,control,limousine,2003,manuell,147,vectra,125000,4,benzin,opel,90439,2016-03-25 06:45:16
2016-04-02 18:37:34,Volkswagen_Golf_1.4_Comfortline,privat,Angebot,7750,control,limousine,2009,manuell,80,golf,125000,9,benzin,volkswagen,57392,2016-04-06 18:16:04
2016-03-11 18:38:42,VW_Polo_1.2_*sehr_gepflegter_Zustand*,privat,Angebot,2950,test,kleinwagen,2004,manuell,54,polo,90000,12,benzin,volkswagen,41812,2016-03-12 23:16:58
2016-04-02 19:50:28,Opel_corsa_Unfallfahrzeug,privat,Angebot,400,test,kombi,2017,manuell,65,corsa,150000,3,benzin,opel,56479,2016-04-06 11:46:50
2016-03-08 08:56:07,BMW_520d_Touring_Aut.___NAVI___AHK___Scheckheft,privat,Angebot,6880,test,kombi,2007,automatik,150,5er,150000,9,diesel,bmw,83236,2016-03-09 07:15:46
2016-03-27 14:51:02,Volkswagen_Golf_Plus_DSG_Navi,privat,Angebot,5600,control,bus,2008,automatik,140,golf,150000,7,diesel,volkswagen,42281,2016-04-07 11:45:06
2016-03-07 07:55:46,Volkswagen_Golf_1.2TSI_BlueMotion_Technology_DSG_NEUWAGENGARANTIE,privat,Angebot,10550,test,limousine,2012,automatik,105,golf,60000,10,benzin,volkswagen,44309,2016-03-22 01:18:19
2016-03-13 14:23:08,Mercedes_Benz_A_180__BlueEFFICIENCY_,privat,Angebot,17500,test,limousine,2013,manuell,122,a_klasse,40000,11,benzin,mercedes_benz,55481,2016-04-06 00:15:30
2016-03-22 13:45:05,Seat_Ibiza_1.4,privat,Angebot,999,control,kleinwagen,1999,manuell,60,ibiza,150000,4,benzin,seat,73340,2016-03-31 09:44:37
2016-03-12 16:56:46,Opel_Astra_Automatik,privat,Angebot,3400,control,kombi,2018,manuell,0,astra,150000,8,benzin,opel,44789,2016-03-23 08:47:00
2016-03-15 09:38:21,Opel_Astra_Kombi_mit_Anhaengerkupplung,privat,Angebot,2000,control,kombi,1998,manuell,115,astra,150000,12,benzin,opel,86859,2016-04-05 17:21:46
2016-03-25 18:56:32,Citroen__c1,privat,Angebot,2350,test,kombi,2006,manuell,0,c1,5000,0,andere,citroen,26123,2016-04-07 00:46:08
2016-04-01 19:49:57,Astra_Gsi_C20let_3xxPs_Eds_F28,privat,Angebot,6250,control,kombi,2016,manuell,310,astra,150000,0,,opel,58809,2016-04-03 16:47:23
2016-03-20 23:45:11,Audi_A4_1.8,privat,Angebot,2700,control,limousine,1999,manuell,125,a4,125000,7,benzin,audi,57072,2016-04-07 09:45:41
2016-03-28 12:38:16,Opel_Corsa_Grand_Slam,privat,Angebot,500,test,kleinwagen,1995,manuell,45,corsa,150000,5,benzin,opel,85748,2016-03-30 02:46:26
2016-03-30 12:58:13,Smart_smart_fortwo_cabrio_pulse_micro_hybrid_drive,privat,Angebot,5555,control,cabrio,2010,automatik,71,fortwo,90000,3,benzin,smart,85540,2016-04-07 04:15:52
2016-03-12 18:44:27,Mercedes_Benz_A_160_BlueEFFICIENCY_Avantgarde,privat,Angebot,8450,test,limousine,2010,manuell,95,a_klasse,70000,12,benzin,mercedes_benz,21465,2016-04-07 11:44:22
2016-03-15 13:58:27,Opel_Astra_G_Cabrio,privat,Angebot,2750,control,cabrio,2001,manuell,147,astra,150000,9,benzin,opel,44359,2016-04-06 04:45:01
2016-03-09 01:38:20,Opel_corsa_b_tuev_3.2018,privat,Angebot,650,control,kleinwagen,1997,manuell,45,corsa,150000,1,benzin,opel,48683,2016-03-12 13:45:24
2016-03-15 13:52:38,Ford_Focus_Trend,privat,Angebot,680,control,limousine,2000,manuell,75,focus,150000,5,benzin,ford,67661,2016-04-06 03:16:12
2016-03-30 18:58:27,Opel_Corsa_B___________AHK,privat,Angebot,444,test,kleinwagen,1995,manuell,45,corsa,150000,1,benzin,opel,58452,2016-04-01 13:45:31
2016-03-24 20:46:31,Peugeot_207_75,privat,Angebot,4650,test,kleinwagen,2009,manuell,73,2_reihe,70000,10,benzin,peugeot,50674,2016-03-24 20:46:31
2016-03-14 15:49:16,Kia_Rio_1.4_EX,privat,Angebot,4450,control,kleinwagen,2007,manuell,97,rio,70000,6,benzin,kia,45892,2016-03-14 15:49:16
2016-03-29 13:56:25,Nissan_Micra_1.2_Tuev_Neu_Maerz_2018_OHNE_MÄNGEL_Top_Zustand,privat,Angebot,1999,control,kleinwagen,2003,manuell,65,micra,80000,6,benzin,nissan,70376,2016-03-29 13:56:25
2016-03-05 15:43:56,Opel_Zafira_1.7_CDT_AHK_Regen_Lichtsensor__unfallfrei,privat,Angebot,9650,control,bus,2011,manuell,110,zafira,100000,3,diesel,opel,49477,2016-03-06 03:44:26
2016-03-11 15:37:14,W124_320_E_TÜV_03/2017_5_Gang_Automatik_KLIMA,privat,Angebot,2700,test,limousine,1992,automatik,220,e_klasse,150000,12,benzin,mercedes_benz,71706,2016-03-16 03:16:36
2016-03-22 12:55:10,Peugeot_806_HDi_je_parle_francais_la_110,privat,Angebot,2200,control,bus,2000,manuell,0,andere,150000,3,diesel,peugeot,54296,2016-03-26 13:46:26
2016-03-29 18:51:58,Schlachte_Golf_4._89.000_KM._Blau_1.4_16V,privat,Angebot,2981,control,cabrio,2000,manuell,75,golf,90000,3,benzin,volkswagen,78588,2016-04-06 04:45:50
2016-03-08 23:53:58,Volkswagen_Fox_zu_verkaufen._Top_Zustand,privat,Angebot,4500,control,cabrio,2016,manuell,0,fox,60000,10,,volkswagen,41466,2016-04-06 23:17:29
2016-03-08 19:48:23,Mercedes_Benz_A_140__2.Hand_Scheckheft_gepfl.,privat,Angebot,3850,test,limousine,2004,automatik,82,a_klasse,125000,6,benzin,mercedes_benz,59348,2016-03-21 03:46:22
2016-04-04 12:43:25,Volkswagen_Touareg_3.0_V6_TDI_DPF_Aut._Individual,privat,Angebot,15500,control,suv,2008,automatik,239,touareg,150000,4,diesel,volkswagen,45355,2016-04-06 13:44:33
2016-03-18 12:48:27,Corvette_C1_1959_top_Zustand,privat,Angebot,90500,control,cabrio,1959,automatik,295,andere,90000,7,benzin,chevrolet,94032,2016-04-03 21:17:33
2016-03-26 21:49:45,Alfa_Giulietta_2.0_JTDm_mit_QV_Ausstattung,privat,Angebot,13950,control,andere,2011,manuell,140,,60000,11,diesel,alfa_romeo,86830,2016-04-06 14:15:39
2016-03-29 18:45:21,BMW_530D_E39,privat,Angebot,3400,control,limousine,2002,automatik,193,5er,150000,12,diesel,bmw,24143,2016-04-06 04:17:16
2016-03-29 20:06:18,Seat_Ibiza_SC_1.4_TSI_DSG_Cupra,privat,Angebot,11500,control,kleinwagen,2010,automatik,179,ibiza,50000,11,benzin,seat,60596,2016-04-06 09:17:57
2016-03-11 10:52:49,BMW_323i._e_21_Gesucht__In_jeden_Zustand_,privat,Angebot,3021,test,cabrio,1985,manuell,0,3er,150000,0,,bmw,85051,2016-03-11 11:41:09
2016-03-26 15:48:15,Dacia_Logan_MCV_1.5_dCi,privat,Angebot,2800,test,kombi,2007,manuell,68,logan,150000,6,diesel,dacia,64859,2016-04-06 04:15:35
2016-04-01 21:46:55,Vw_polo_tuf_04_2016,privat,Angebot,120,test,kleinwagen,1995,manuell,0,polo,150000,0,benzin,volkswagen,68309,2016-04-01 21:46:55
2016-04-04 13:48:25,Mercedes_Benz_E220_|_220_E_|_TÜV_03/2017_|_w124_|_E_Klasse,privat,Angebot,1490,control,limousine,1992,automatik,136,e_klasse,150000,2,benzin,mercedes_benz,13349,2016-04-06 15:16:20
2016-03-10 10:54:55,Vw_Caddy_1_9_sdi,privat,Angebot,650,test,kombi,2000,manuell,75,caddy,150000,6,diesel,volkswagen,38259,2016-03-10 11:44:13
2016-04-01 13:50:10,Suzuki_Vitara_1_6_L_Benziner,privat,Angebot,1199,control,suv,1992,manuell,80,andere,150000,5,benzin,suzuki,35039,2016-04-07 00:16:16
2016-03-08 18:51:16,Mazda_626_als_Ersatzteilespender_oder_Wiederaufbau,privat,Angebot,350,test,kombi,1998,manuell,0,6_reihe,150000,0,benzin,mazda,54655,2016-04-07 14:56:13
2016-03-21 07:37:10,Alfa_Romeo_Spiber,privat,Angebot,3200,control,cabrio,2001,manuell,150,spider,150000,6,,alfa_romeo,24939,2016-03-31 08:18:09
2016-03-29 17:56:01,KIA_OPIRUS_3_5_V6_EX,privat,Angebot,4000,control,limousine,2004,manuell,203,andere,150000,9,lpg,kia,23558,2016-04-06 03:45:27
2016-03-13 22:46:52,Renault__Megane__Grandtour_Exception_2_0_dci_Scheckheft_blau,privat,Angebot,6450,control,kombi,2006,manuell,150,megane,125000,9,diesel,renault,25715,2016-04-06 19:17:57
2016-04-03 16:06:23,Opel_Corsa_1.2_16V_Comfort_Tuev/AU_neu,privat,Angebot,1690,test,kleinwagen,2001,manuell,75,corsa,150000,10,benzin,opel,63263,2016-04-06 22:46:14
2016-03-09 23:46:25,Volkswagen_Passat_2.5_TDI_V6_4Motion_Highline,privat,Angebot,1750,test,limousine,2002,automatik,150,passat,150000,12,diesel,volkswagen,90768,2016-04-07 09:17:11
2016-03-08 19:38:37,Mercedes_Benz_A_140_Classic_Klima_Scheckheft_DB_TÜV_neu,privat,Angebot,2990,test,limousine,2001,automatik,82,a_klasse,70000,3,benzin,mercedes_benz,23968,2016-03-15 07:44:28
2016-04-02 18:42:54,Astra_cabrio,privat,Angebot,1299,control,cabrio,2016,manuell,75,astra,150000,5,,opel,59425,2016-04-02 18:42:54
2016-03-24 18:55:31,Audi_A4_Avant_1_8_Lichtpaket__Benzin__MMI__Xenon__Leder,privat,Angebot,11000,test,kombi,2010,automatik,1345,a4,150000,1,benzin,audi,24837,2016-04-07 13:15:53
2016-03-19 07:51:18,Vw_lupo_1.0_klima_servo_1_Jahr_TÜV,privat,Angebot,1000,test,kleinwagen,2000,manuell,50,lupo,150000,2,benzin,volkswagen,65824,2016-04-06 23:46:32
2016-03-20 20:45:27,Microcar_MC1,privat,Angebot,3950,test,kleinwagen,2004,automatik,5,,70000,5,diesel,sonstige_autos,90562,2016-04-03 04:17:08
2016-03-25 11:49:12,Opel_Omega_mit_Hagelschaden,privat,Angebot,650,test,kombi,2000,manuell,144,omega,150000,4,benzin,opel,72820,2016-04-06 12:44:35
2016-04-02 21:54:46,CITREON_JUMPER_2_2_2010_LKW__KASTEN_HOCH_UND_LANG_TOP,privat,Angebot,5500,test,andere,2010,manuell,120,andere,150000,7,diesel,citroen,7545,2016-04-02 22:44:37
2016-03-29 14:54:44,Citroeen_Xara_1_4_inklusive_Neu_TÜV/AU,privat,Angebot,1299,test,coupe,1998,manuell,75,andere,150000,9,benzin,citroen,13435,2016-04-06 01:15:42
2016-03-27 18:43:25,Passat_fuer_ausschalten,privat,Angebot,1300,control,cabrio,2017,manuell,150,,150000,10,,volkswagen,70374,2016-04-05 15:15:29
2016-04-02 17:54:29,VW_Touran_1.9_TDI_United,privat,Angebot,5800,control,bus,2007,manuell,105,,150000,11,diesel,volkswagen,31319,2016-04-04 15:47:39
2016-03-25 17:52:18,Mercedes_Benz_C_180_T_Kompressor_Automatik_Elegance,privat,Angebot,7600,test,kombi,2004,automatik,143,c_klasse,150000,12,benzin,mercedes_benz,27777,2016-04-06 23:17:08
2016-03-26 17:39:51,Volkswagen_Golf_Variant_1.4_TSI_DSG_Highline_Xenon_Panorama,privat,Angebot,13499,control,kombi,2010,automatik,160,golf,60000,4,benzin,volkswagen,4107,2016-04-06 06:16:08
2016-03-08 19:55:56,Daihatsu_Cuore_1.0_Top,privat,Angebot,1490,test,kleinwagen,2007,manuell,58,cuore,150000,3,benzin,daihatsu,44145,2016-03-12 21:44:17
2016-03-12 14:39:17,Volkswagen_Golf_1.4_Tour,privat,Angebot,5500,test,limousine,2007,manuell,80,golf,125000,7,benzin,volkswagen,31246,2016-04-06 23:17:03
2016-04-04 10:57:55,BMW_318i,privat,Angebot,2350,control,limousine,2003,manuell,143,3er,150000,4,benzin,bmw,65558,2016-04-05 12:14:20
2016-03-31 13:54:11,Ford_C_Max,privat,Angebot,3000,control,cabrio,2016,manuell,2124,c_max,150000,3,diesel,ford,16348,2016-04-06 07:15:49
2016-03-24 16:46:05,VW_golf_1_4_4_tuer,privat,Angebot,1950,control,cabrio,2017,manuell,2134,,150000,7,benzin,volkswagen,70376,2016-03-30 18:16:07
2016-03-12 16:48:12,Ford_S_Max_2.0_TDCi_DPF_Aut._Trend,privat,Angebot,6350,control,bus,2009,automatik,140,s_max,150000,10,diesel,ford,45699,2016-04-07 06:45:53
2016-04-02 16:30:52,Mazda_Premacy_1.9_TÜV_NEU,privat,Angebot,750,control,bus,1999,manuell,101,andere,150000,12,benzin,mazda,55128,2016-04-02 17:45:49
2016-03-27 19:52:13,Opel_Vectra_1_6,privat,Angebot,1500,control,limousine,1998,automatik,101,vectra,150000,8,benzin,opel,44809,2016-03-31 01:45:53
2016-04-01 22:51:18,Audi_A4_1.8_T_quattro,privat,Angebot,8500,test,limousine,2003,manuell,300,a4,150000,3,benzin,audi,18573,2016-04-05 21:45:11
2016-04-04 02:02:24,Audi_A6Mit_AHK,privat,Angebot,4300,control,kombi,2003,automatik,179,a6,150000,5,,audi,21149,2016-04-06 08:45:28
2016-03-07 21:55:49,Fiat_Marea_100_16V_Weekend_SX,privat,Angebot,850,control,kombi,2001,manuell,103,andere,125000,3,benzin,fiat,20146,2016-04-06 10:46:18
2016-04-03 21:37:38,Mercedes_Benz_A_160_Blue_Efficiency,privat,Angebot,6700,test,limousine,2009,manuell,95,a_klasse,70000,10,benzin,mercedes_benz,74235,2016-04-05 22:18:19
2016-03-30 07:54:22,Audi_A3,privat,Angebot,29980,control,limousine,2013,manuell,150,a3,50000,9,diesel,audi,59846,2016-04-06 23:46:17
2016-03-21 21:46:45,Opel_Corsa_1.2_16V___2_HAND__KLIMA__8_FACH_TÜV_NEU!!!,privat,Angebot,2238,control,kleinwagen,2003,manuell,75,corsa,125000,5,benzin,opel,1067,2016-03-24 11:46:38
2016-04-01 17:47:30,Bmw_e36_316i_compact_viel_neu....,privat,Angebot,250,test,kleinwagen,1994,manuell,102,3er,150000,0,benzin,bmw,52393,2016-04-05 13:15:55
2016-03-26 10:37:21,BMW_coupe,privat,Angebot,3350,test,coupe,1997,manuell,170,3er,150000,11,benzin,bmw,83024,2016-03-26 11:41:18
2016-03-05 16:45:59,Renault_Modus_1.5_dCi_Bj_2005__220000_km_TÜV_NEU,privat,Angebot,2000,control,bus,2005,manuell,86,modus,150000,6,diesel,renault,13439,2016-04-07 07:17:06
2016-03-19 18:38:15,Top_gepflegter_Audi_A6_Avant_S_Line_2.0_TDI_/_AHK_Standheizung,privat,Angebot,14500,test,kombi,2007,manuell,140,a6,100000,3,diesel,audi,94060,2016-04-07 05:17:33
2016-03-12 12:06:22,Audi_A2_1.4__TÜV+_Zahnriemen_NEU,privat,Angebot,4199,control,kleinwagen,2002,manuell,75,a2,150000,1,benzin,audi,56235,2016-04-06 17:16:45
2016-03-29 15:38:17,SEAT_Ibiza__TÜV_neu_nichtraucher__scheckheft_gepflegt__23500_km,privat,Angebot,6999,control,kleinwagen,2009,manuell,85,ibiza,30000,4,benzin,seat,1744,2016-04-06 01:15:34
2016-03-23 20:52:50,VW_Polo_1.2_Trendline_Klima/_Scheckheftgepflegt/_TÜV_NEU,privat,Angebot,4490,test,kleinwagen,2008,manuell,60,polo,100000,11,benzin,volkswagen,1993,2016-03-29 16:45:23
2016-03-20 20:42:07,BMW_X6_xDrive30d_M_Sportpaket_Garantie_bis_2018,privat,Angebot,43900,test,limousine,2013,automatik,245,x_reihe,40000,4,diesel,bmw,50859,2016-04-07 04:46:53
2016-03-05 14:06:49,Audi_A5_Cabrio_1.8_TFSI,privat,Angebot,21950,test,cabrio,2010,manuell,160,a5,90000,5,benzin,audi,65474,2016-03-06 11:08:40
2016-04-02 08:51:27,Mazda_323_Sporty,privat,Angebot,1200,control,kleinwagen,2002,manuell,90,3_reihe,150000,4,benzin,mazda,6132,2016-04-06 07:15:25
2016-03-23 10:50:58,Mercedes_Benz_E_220_T_CDI_Automatik_Classic,privat,Angebot,8100,control,kombi,2004,automatik,150,e_klasse,150000,3,diesel,mercedes_benz,76872,2016-04-07 12:16:23
2016-03-18 18:47:36,BMW_530i_Touring,privat,Angebot,12650,control,kombi,2006,manuell,258,5er,150000,6,benzin,bmw,96114,2016-04-05 22:45:26
2016-04-01 12:49:18,Solides_Auto,privat,Angebot,2400,test,kombi,1997,manuell,125,passat,150000,7,benzin,volkswagen,88161,2016-04-07 09:17:47
2016-03-14 01:39:39,Seat_Ibiza_weiss_sparsam_8_fach_bereift,privat,Angebot,5250,control,cabrio,2017,manuell,84,ibiza,70000,4,,seat,99762,2016-03-14 06:42:10
2016-03-17 18:52:52,Audi_A3_1.8_TFSI_Ambition_S_Line_Xenon,privat,Angebot,14500,control,limousine,2009,manuell,160,a3,70000,3,benzin,audi,73525,2016-04-07 06:16:47
2016-04-04 09:57:39,Peugeot_206_cc,privat,Angebot,1950,control,cabrio,2016,manuell,0,2_reihe,150000,10,benzin,peugeot,44141,2016-04-06 11:44:55
2016-03-24 10:58:40,Tausche_BMW_top_Zustand,privat,Angebot,1980,test,cabrio,2016,automatik,197,3er,150000,12,diesel,bmw,99867,2016-03-25 19:46:09
2016-03-08 10:49:40,Mercedes_Benz_E350_CGI_Coupé_AMG_|_LEDER_|_SCHIEBEDACH_|_TÜV,privat,Angebot,24900,test,coupe,2009,automatik,292,e_klasse,125000,6,benzin,mercedes_benz,30453,2016-03-12 01:16:12
2016-03-10 12:54:34,Volkswagen_Golf_Plus_1.9_TDI,privat,Angebot,4300,test,limousine,2007,manuell,90,golf,150000,2,diesel,volkswagen,60486,2016-03-16 08:17:23
2016-03-27 15:44:25,Smart_smart_fortwo_coupe,privat,Angebot,2250,control,kleinwagen,2006,manuell,61,fortwo,80000,11,benzin,smart,66907,2016-03-27 15:44:25
2016-03-20 12:06:18,Audi_A4_Avant_2.0_TDI_DPF_Ambiente,privat,Angebot,10550,test,kombi,2008,manuell,143,a4,125000,9,diesel,audi,65549,2016-03-27 00:46:19
2016-03-14 06:03:08,Seat_Ibiza,privat,Angebot,200,test,kleinwagen,1995,manuell,60,ibiza,150000,10,benzin,seat,14542,2016-03-17 20:16:30
2016-04-04 02:37:41,BMW_E30_316_318_320_325_GESUCHT,privat,Angebot,1540,control,kleinwagen,1990,manuell,0,3er,5000,0,,bmw,59073,2016-04-06 09:16:42
2016-04-05 00:55:53,Audi_A6_2.0_TFSI,privat,Angebot,11500,control,limousine,2010,manuell,170,a6,150000,1,benzin,audi,4275,2016-04-07 11:15:55
2016-03-05 15:58:27,OPEL_Vectra_B_Kombi_2.0_DTI_mit_AHK,privat,Angebot,890,control,kombi,2002,manuell,101,vectra,150000,4,diesel,opel,82054,2016-03-12 21:17:43
2016-03-21 12:56:08,Audi_A5_Cabrio_3.0_TDI_DPF_quattro_S_tronic,privat,Angebot,20500,control,cabrio,2009,automatik,239,a5,150000,4,diesel,audi,83735,2016-04-06 07:45:39
2016-03-30 18:38:15,Alfa_Romeo_147_1.6_Twin_Spark,privat,Angebot,2990,test,limousine,2006,manuell,105,147,150000,6,benzin,alfa_romeo,74912,2016-04-07 09:44:33
2016-03-26 08:49:58,MERCEDES_BENZ_C_200_T_CDI_AVANTGARDE,privat,Angebot,9600,test,kombi,2008,manuell,136,c_klasse,150000,8,diesel,mercedes_benz,14513,2016-03-26 09:41:36
2016-03-10 11:57:04,Opel_Corsa_City,privat,Angebot,1099,test,kleinwagen,1995,manuell,45,corsa,30000,10,benzin,opel,15732,2016-03-22 00:46:44
2016-03-22 11:45:47,Opel_Astra_1.6,privat,Angebot,1700,control,limousine,2000,manuell,75,astra,100000,5,benzin,opel,82110,2016-03-28 00:16:22
2016-03-24 17:49:19,Unfallwagen/Totalschaden,privat,Angebot,1230,control,kleinwagen,2000,manuell,0,,150000,0,,audi,72514,2016-03-29 03:45:06
2016-04-01 14:59:23,Expert_Kasten_geschlossen,privat,Angebot,4760,test,andere,2008,manuell,98,andere,150000,3,diesel,peugeot,1809,2016-04-07 12:46:21
2016-04-02 10:51:44,Ford_Galaxy_2.0_TDCI_Trend_EZ_04.12_Anhaengerkupplung,privat,Angebot,16500,test,bus,2012,manuell,140,galaxy,80000,4,diesel,ford,59590,2016-04-04 07:50:58
2016-03-23 10:54:49,Audi_TT_Coupe_1.8_T,privat,Angebot,5300,control,coupe,1999,manuell,179,tt,125000,3,benzin,audi,55450,2016-04-07 11:16:02
2016-03-09 12:55:36,Citroen_C3__TÜV_neu_Benzin__109_PS_1_6i_2003_Automatik,privat,Angebot,3555,control,kleinwagen,2003,automatik,109,c3,100000,2,benzin,citroen,48683,2016-04-05 23:45:18
2016-03-08 19:55:51,guenstig_Fiat_uno_zum_verkaufen_Tuev_bis_11.2016,privat,Angebot,350,test,kleinwagen,1989,manuell,45,andere,150000,2,benzin,fiat,33098,2016-03-11 04:44:31
2016-03-31 23:52:32,Mercedes_Benz_Viano_2.2_CDI_kompakt_Function_DPF_Vollleder_AHK,privat,Angebot,19900,control,bus,2009,manuell,150,viano,90000,5,diesel,mercedes_benz,59348,2016-04-07 03:17:20
2016-03-07 21:46:03,Mercedes_Benz_S_420_CDI_DPF_7G_TRONIC,privat,Angebot,15200,control,limousine,2007,automatik,320,s_klasse,150000,7,diesel,mercedes_benz,29664,2016-04-06 01:45:50
2016-03-07 20:30:57,Mazda_121_mit_75_PS_TÜV_1/2018_115100_km,privat,Angebot,700,test,kleinwagen,1994,manuell,75,1_reihe,125000,3,benzin,mazda,56072,2016-03-11 00:45:42
2016-03-06 19:46:28,BMW_318_mit_TÜV,privat,Angebot,550,control,limousine,1995,manuell,130,3er,150000,5,benzin,bmw,73431,2016-03-08 23:17:31
2016-03-31 11:25:20,Volkswagen_Eos_2.0_TDI_DPF,privat,Angebot,8700,test,cabrio,2006,manuell,140,eos,150000,10,diesel,volkswagen,63263,2016-04-05 19:46:30
2016-03-15 16:46:22,Fiat_Panda_0_9_TwinAir_Turbo__86_PS___Topausstattung_Klimaautom.,privat,Angebot,6990,control,kleinwagen,2012,manuell,86,panda,50000,2,benzin,fiat,72793,2016-04-06 11:45:49
2016-03-15 09:54:56,Citroen_C4,privat,Angebot,5500,control,limousine,2006,manuell,90,c4,80000,5,benzin,citroen,52066,2016-03-18 03:16:45
2016-03-19 16:57:24,Hyundai_Getz_1.1,privat,Angebot,1650,test,kleinwagen,2006,manuell,63,getz,150000,3,benzin,hyundai,58642,2016-03-19 17:41:47
2016-03-26 13:38:11,Audi_A3_2.0_TDI__Pano,privat,Angebot,7900,control,limousine,2009,manuell,170,a3,150000,6,diesel,audi,32839,2016-03-29 15:45:12
2016-04-04 21:41:10,PEUGEOT_206_CC_CABRIO_TÜV08/2016_KLIMA_1.HAND_ZV_EFHB,privat,Angebot,4290,test,cabrio,2006,manuell,109,2_reihe,90000,4,benzin,peugeot,22549,2016-04-07 00:15:38
2016-03-14 01:47:28,Volkswagen_Golf_1.2_TSI_BlueM_Technology_Cup_Standhzg,privat,Angebot,14650,control,limousine,2014,manuell,86,golf,20000,12,benzin,volkswagen,38444,2016-04-05 01:15:23
2016-03-24 18:50:52,BMW_318i_touring,privat,Angebot,3299,test,kombi,2002,manuell,143,3er,150000,9,benzin,bmw,8060,2016-04-07 13:15:43
2016-03-29 17:44:47,Ford_Fiesta,privat,Angebot,6500,control,kleinwagen,2012,manuell,81,fiesta,40000,6,benzin,ford,12679,2016-03-31 10:45:24
2016-03-21 21:51:41,Peugeot_206_110,privat,Angebot,600,control,kleinwagen,2002,manuell,148,2_reihe,150000,11,benzin,peugeot,39387,2016-04-05 00:15:35
2016-03-20 20:47:52,Volkswagen_Golf_1.6_Goal,privat,Angebot,5800,test,limousine,2006,manuell,102,golf,125000,9,benzin,volkswagen,72074,2016-04-07 05:44:58
2016-04-03 18:06:22,Opel_Astra_G_Caravan__Edition_100__Silber_Metallic.,privat,Angebot,1600,test,kombi,1999,manuell,75,astra,150000,3,benzin,opel,65474,2016-04-07 02:17:02
2016-03-27 14:40:52,C_180_T_BlueEFFICIENCY_7G_TRONIC_Avantgarde,privat,Angebot,8000,control,kombi,2011,automatik,156,c_klasse,30000,8,benzin,mercedes_benz,10115,2016-03-27 14:40:52
2016-03-16 12:48:16,Bastlerfahrzeug_Peugeot_206,privat,Angebot,700,test,kleinwagen,2000,manuell,134,2_reihe,150000,5,benzin,peugeot,12529,2016-04-06 07:46:07
2016-03-23 15:42:44,Audi_A7_3.0_TDI_multitronic_V6,privat,Angebot,27500,test,coupe,2010,automatik,204,andere,100000,11,diesel,audi,49406,2016-03-23 15:42:44
2016-03-08 19:48:28,Audi_A4_Avant_2.0_TDI_DPF,privat,Angebot,6500,test,kombi,2007,manuell,170,a4,150000,12,diesel,audi,72186,2016-04-05 15:17:49
2016-03-29 13:53:39,Schoener_Peugeot_306_3_Hand,privat,Angebot,899,control,kombi,2018,automatik,101,3_reihe,150000,6,,peugeot,34359,2016-04-05 23:47:09
2016-04-02 07:56:21,Citroën_Xsara_Picasso_1.6_HDi_Exclusive,privat,Angebot,2790,test,bus,2004,manuell,109,andere,150000,5,diesel,citroen,26133,2016-04-02 08:48:45
2016-03-14 20:55:56,320i_mit_Lackschaeden,privat,Angebot,9900,control,limousine,2008,automatik,170,3er,125000,11,benzin,bmw,46047,2016-03-22 18:16:42